Name	Layer	ClipPath	RootMotionPath
Anger_01_End	BaseLayer	Assets/Product/Role/DlcAnimation/BigWorld/Common/Npc1FemaleMd00001SG/Npc1FemaleMd00001SG/CommonLayer/Anger_01_End.anim	Assets/Product/Role/DlcAnimation/BigWorld/Common/Npc1FemaleMd00001SG/Npc1FemaleMd00001SG/CommonLayer/Anger_01_End.asset
Anger_01_Loop	BaseLayer	Assets/Product/Role/DlcAnimation/BigWorld/Common/Npc1FemaleMd00001SG/Npc1FemaleMd00001SG/CommonLayer/Anger_01_Loop.anim	Assets/Product/Role/DlcAnimation/BigWorld/Common/Npc1FemaleMd00001SG/Npc1FemaleMd00001SG/CommonLayer/Anger_01_Loop.asset
Anger_01_Start	BaseLayer	Assets/Product/Role/DlcAnimation/BigWorld/Common/Npc1FemaleMd00001SG/Npc1FemaleMd00001SG/CommonLayer/Anger_01_Start.anim	Assets/Product/Role/DlcAnimation/BigWorld/Common/Npc1FemaleMd00001SG/Npc1FemaleMd00001SG/CommonLayer/Anger_01_Start.asset
Bar_01_End	BaseLayer	Assets/Product/Role/DlcAnimation/BigWorld/Common/Npc1FemaleMd00001SG/Npc1FemaleMd00001SG/CommonLayer/Bar_01_End.anim	
Bar_01_Loop	BaseLayer	Assets/Product/Role/DlcAnimation/BigWorld/Common/Npc1FemaleMd00001SG/Npc1FemaleMd00001SG/CommonLayer/Bar_01_Loop.anim	
Bar_01_Start	BaseLayer	Assets/Product/Role/DlcAnimation/BigWorld/Common/Npc1FemaleMd00001SG/Npc1FemaleMd00001SG/CommonLayer/Bar_01_Start.anim	
Drama_1001_007_dadianhua_01	BaseLayer	Assets/Product/Role/DlcAnimation/BigWorld/Common/Npc1FemaleMd00001SG/Npc1FemaleMd00001SG/CommonLayer/Drama_1001_007_dadianhua_01.anim	Assets/Product/Role/DlcAnimation/BigWorld/Common/Npc1FemaleMd00001SG/Npc1FemaleMd00001SG/CommonLayer/Drama_1001_007_dadianhua_01.asset
Drama_Bow_L_End	BaseLayer	Assets/Product/Role/DlcAnimation/BigWorld/Common/Npc1FemaleMd00001SG/Npc1FemaleMd00001SG/CommonLayer/Drama_Bow_L_End.anim	Assets/Product/Role/DlcAnimation/BigWorld/Common/Npc1FemaleMd00001SG/Npc1FemaleMd00001SG/CommonLayer/Drama_Bow_L_End.asset
Drama_Bow_L_Loop	BaseLayer	Assets/Product/Role/DlcAnimation/BigWorld/Common/Npc1FemaleMd00001SG/Npc1FemaleMd00001SG/CommonLayer/Drama_Bow_L_Loop.anim	Assets/Product/Role/DlcAnimation/BigWorld/Common/Npc1FemaleMd00001SG/Npc1FemaleMd00001SG/CommonLayer/Drama_Bow_L_Loop.asset
Drama_Bow_L_Start	BaseLayer	Assets/Product/Role/DlcAnimation/BigWorld/Common/Npc1FemaleMd00001SG/Npc1FemaleMd00001SG/CommonLayer/Drama_Bow_L_Start.anim	Assets/Product/Role/DlcAnimation/BigWorld/Common/Npc1FemaleMd00001SG/Npc1FemaleMd00001SG/CommonLayer/Drama_Bow_L_Start.asset
Drama_Brainwave_R_End	BaseLayer	Assets/Product/Role/DlcAnimation/BigWorld/Common/Npc1FemaleMd00001SG/Npc1FemaleMd00001SG/CommonLayer/Drama_Brainwave_R_End.anim	Assets/Product/Role/DlcAnimation/BigWorld/Common/Npc1FemaleMd00001SG/Npc1FemaleMd00001SG/CommonLayer/Drama_Brainwave_R_End.asset
Drama_Brainwave_R_Loop	BaseLayer	Assets/Product/Role/DlcAnimation/BigWorld/Common/Npc1FemaleMd00001SG/Npc1FemaleMd00001SG/CommonLayer/Drama_Brainwave_R_Loop.anim	Assets/Product/Role/DlcAnimation/BigWorld/Common/Npc1FemaleMd00001SG/Npc1FemaleMd00001SG/CommonLayer/Drama_Brainwave_R_Loop.asset
Drama_Brainwave_R_Start	BaseLayer	Assets/Product/Role/DlcAnimation/BigWorld/Common/Npc1FemaleMd00001SG/Npc1FemaleMd00001SG/CommonLayer/Drama_Brainwave_R_Start.anim	Assets/Product/Role/DlcAnimation/BigWorld/Common/Npc1FemaleMd00001SG/Npc1FemaleMd00001SG/CommonLayer/Drama_Brainwave_R_Start.asset
Drama_Foundation_01_End	BaseLayer	Assets/Product/Role/DlcAnimation/BigWorld/Common/Npc1FemaleMd00001SG/Npc1FemaleMd00001SG/CommonLayer/Drama_Foundation_01_End.anim	Assets/Product/Role/DlcAnimation/BigWorld/Common/Npc1FemaleMd00001SG/Npc1FemaleMd00001SG/CommonLayer/Drama_Foundation_01_End.asset
Drama_Foundation_01_Loop	BaseLayer	Assets/Product/Role/DlcAnimation/BigWorld/Common/Npc1FemaleMd00001SG/Npc1FemaleMd00001SG/CommonLayer/Drama_Foundation_01_Loop.anim	Assets/Product/Role/DlcAnimation/BigWorld/Common/Npc1FemaleMd00001SG/Npc1FemaleMd00001SG/CommonLayer/Drama_Foundation_01_Loop.asset
Drama_Foundation_01_Start	BaseLayer	Assets/Product/Role/DlcAnimation/BigWorld/Common/Npc1FemaleMd00001SG/Npc1FemaleMd00001SG/CommonLayer/Drama_Foundation_01_Start.anim	Assets/Product/Role/DlcAnimation/BigWorld/Common/Npc1FemaleMd00001SG/Npc1FemaleMd00001SG/CommonLayer/Drama_Foundation_01_Start.asset
Drama_Foundation_02_End	BaseLayer	Assets/Product/Role/DlcAnimation/BigWorld/Common/Npc1FemaleMd00001SG/Npc1FemaleMd00001SG/CommonLayer/Drama_Foundation_02_End.anim	Assets/Product/Role/DlcAnimation/BigWorld/Common/Npc1FemaleMd00001SG/Npc1FemaleMd00001SG/CommonLayer/Drama_Foundation_02_End.asset
Drama_Foundation_02_Loop	BaseLayer	Assets/Product/Role/DlcAnimation/BigWorld/Common/Npc1FemaleMd00001SG/Npc1FemaleMd00001SG/CommonLayer/Drama_Foundation_02_Loop.anim	Assets/Product/Role/DlcAnimation/BigWorld/Common/Npc1FemaleMd00001SG/Npc1FemaleMd00001SG/CommonLayer/Drama_Foundation_02_Loop.asset
Drama_Foundation_02_Start	BaseLayer	Assets/Product/Role/DlcAnimation/BigWorld/Common/Npc1FemaleMd00001SG/Npc1FemaleMd00001SG/CommonLayer/Drama_Foundation_02_Start.anim	Assets/Product/Role/DlcAnimation/BigWorld/Common/Npc1FemaleMd00001SG/Npc1FemaleMd00001SG/CommonLayer/Drama_Foundation_02_Start.asset
Drama_Foundation_04	BaseLayer	Assets/Product/Role/DlcAnimation/BigWorld/Common/Npc1FemaleMd00001SG/Npc1FemaleMd00001SG/CommonLayer/Drama_Foundation_04.anim	Assets/Product/Role/DlcAnimation/BigWorld/Common/Npc1FemaleMd00001SG/Npc1FemaleMd00001SG/CommonLayer/Drama_Foundation_04.asset
Drama_Foundation_05	BaseLayer	Assets/Product/Role/DlcAnimation/BigWorld/Common/Npc1FemaleMd00001SG/Npc1FemaleMd00001SG/CommonLayer/Drama_Foundation_05.anim	Assets/Product/Role/DlcAnimation/BigWorld/Common/Npc1FemaleMd00001SG/Npc1FemaleMd00001SG/CommonLayer/Drama_Foundation_05.asset
Drama_Hawk_End	BaseLayer	Assets/Product/Role/DlcAnimation/BigWorld/Common/Npc1FemaleMd00001SG/Npc1FemaleMd00001SG/CommonLayer/Drama_Hawk_End.anim	Assets/Product/Role/DlcAnimation/BigWorld/Common/Npc1FemaleMd00001SG/Npc1FemaleMd00001SG/CommonLayer/Drama_Hawk_End.asset
Drama_Hawk_Loop	BaseLayer	Assets/Product/Role/DlcAnimation/BigWorld/Common/Npc1FemaleMd00001SG/Npc1FemaleMd00001SG/CommonLayer/Drama_Hawk_Loop.anim	Assets/Product/Role/DlcAnimation/BigWorld/Common/Npc1FemaleMd00001SG/Npc1FemaleMd00001SG/CommonLayer/Drama_Hawk_Loop.asset
Drama_Hawk_Start	BaseLayer	Assets/Product/Role/DlcAnimation/BigWorld/Common/Npc1FemaleMd00001SG/Npc1FemaleMd00001SG/CommonLayer/Drama_Hawk_Start.anim	Assets/Product/Role/DlcAnimation/BigWorld/Common/Npc1FemaleMd00001SG/Npc1FemaleMd00001SG/CommonLayer/Drama_Hawk_Start.asset
Drama_NPC_Argue_End	BaseLayer	Assets/Product/Role/DlcAnimation/BigWorld/Common/Npc1FemaleMd00001SG/Npc1FemaleMd00001SG/CommonLayer/Drama_NPC_Argue_End.anim	Assets/Product/Role/DlcAnimation/BigWorld/Common/Npc1FemaleMd00001SG/Npc1FemaleMd00001SG/CommonLayer/Drama_NPC_Argue_End.asset
Drama_NPC_Argue_Loop	BaseLayer	Assets/Product/Role/DlcAnimation/BigWorld/Common/Npc1FemaleMd00001SG/Npc1FemaleMd00001SG/CommonLayer/Drama_NPC_Argue_Loop.anim	Assets/Product/Role/DlcAnimation/BigWorld/Common/Npc1FemaleMd00001SG/Npc1FemaleMd00001SG/CommonLayer/Drama_NPC_Argue_Loop.asset
Drama_NPC_Argue_Start	BaseLayer	Assets/Product/Role/DlcAnimation/BigWorld/Common/Npc1FemaleMd00001SG/Npc1FemaleMd00001SG/CommonLayer/Drama_NPC_Argue_Start.anim	Assets/Product/Role/DlcAnimation/BigWorld/Common/Npc1FemaleMd00001SG/Npc1FemaleMd00001SG/CommonLayer/Drama_NPC_Argue_Start.asset
Drama_NPC_Claps_End	BaseLayer	Assets/Product/Role/DlcAnimation/BigWorld/Common/Npc1FemaleMd00001SG/Npc1FemaleMd00001SG/CommonLayer/Drama_NPC_Claps_End.anim	Assets/Product/Role/DlcAnimation/BigWorld/Common/Npc1FemaleMd00001SG/Npc1FemaleMd00001SG/CommonLayer/Drama_NPC_Claps_End.asset
Drama_NPC_Claps_Loop	BaseLayer	Assets/Product/Role/DlcAnimation/BigWorld/Common/Npc1FemaleMd00001SG/Npc1FemaleMd00001SG/CommonLayer/Drama_NPC_Claps_Loop.anim	Assets/Product/Role/DlcAnimation/BigWorld/Common/Npc1FemaleMd00001SG/Npc1FemaleMd00001SG/CommonLayer/Drama_NPC_Claps_Loop.asset
Drama_NPC_Claps_Start	BaseLayer	Assets/Product/Role/DlcAnimation/BigWorld/Common/Npc1FemaleMd00001SG/Npc1FemaleMd00001SG/CommonLayer/Drama_NPC_Claps_Start.anim	Assets/Product/Role/DlcAnimation/BigWorld/Common/Npc1FemaleMd00001SG/Npc1FemaleMd00001SG/CommonLayer/Drama_NPC_Claps_Start.asset
Drama_NPC_DrinkCoffee_End	BaseLayer	Assets/Product/Role/DlcAnimation/BigWorld/Common/Npc1FemaleMd00001SG/Npc1FemaleMd00001SG/CommonLayer/Drama_NPC_DrinkCoffee_End.anim	Assets/Product/Role/DlcAnimation/BigWorld/Common/Npc1FemaleMd00001SG/Npc1FemaleMd00001SG/CommonLayer/Drama_NPC_DrinkCoffee_End.asset
Drama_NPC_DrinkCoffee_Loop01	BaseLayer	Assets/Product/Role/DlcAnimation/BigWorld/Common/Npc1FemaleMd00001SG/Npc1FemaleMd00001SG/CommonLayer/Drama_NPC_DrinkCoffee_Loop01.anim	Assets/Product/Role/DlcAnimation/BigWorld/Common/Npc1FemaleMd00001SG/Npc1FemaleMd00001SG/CommonLayer/Drama_NPC_DrinkCoffee_Loop01.asset
Drama_NPC_DrinkCoffee_Loop02	BaseLayer	Assets/Product/Role/DlcAnimation/BigWorld/Common/Npc1FemaleMd00001SG/Npc1FemaleMd00001SG/CommonLayer/Drama_NPC_DrinkCoffee_Loop02.anim	Assets/Product/Role/DlcAnimation/BigWorld/Common/Npc1FemaleMd00001SG/Npc1FemaleMd00001SG/CommonLayer/Drama_NPC_DrinkCoffee_Loop02.asset
Drama_NPC_DrinkCoffee_Star	BaseLayer	Assets/Product/Role/DlcAnimation/BigWorld/Common/Npc1FemaleMd00001SG/Npc1FemaleMd00001SG/CommonLayer/Drama_NPC_DrinkCoffee_Star.anim	Assets/Product/Role/DlcAnimation/BigWorld/Common/Npc1FemaleMd00001SG/Npc1FemaleMd00001SG/CommonLayer/Drama_NPC_DrinkCoffee_Star.asset
Drama_NPC_DrinkCoffee_Start	BaseLayer	Assets/Product/Role/DlcAnimation/BigWorld/Common/Npc1FemaleMd00001SG/Npc1FemaleMd00001SG/CommonLayer/Drama_NPC_DrinkCoffee_Start.anim	Assets/Product/Role/DlcAnimation/BigWorld/Common/Npc1FemaleMd00001SG/Npc1FemaleMd00001SG/CommonLayer/Drama_NPC_DrinkCoffee_Start.asset
Drama_NPC_WaiterStand_Loop	BaseLayer	Assets/Product/Role/DlcAnimation/BigWorld/Common/Npc1FemaleMd00001SG/Npc1FemaleMd00001SG/CommonLayer/Drama_NPC_WaiterStand_Loop.anim	Assets/Product/Role/DlcAnimation/BigWorld/Common/Npc1FemaleMd00001SG/Npc1FemaleMd00001SG/CommonLayer/Drama_NPC_WaiterStand_Loop.asset
Drama_NPC_WaiterTalk_End	BaseLayer	Assets/Product/Role/DlcAnimation/BigWorld/Common/Npc1FemaleMd00001SG/Npc1FemaleMd00001SG/CommonLayer/Drama_NPC_WaiterTalk_End.anim	Assets/Product/Role/DlcAnimation/BigWorld/Common/Npc1FemaleMd00001SG/Npc1FemaleMd00001SG/CommonLayer/Drama_NPC_WaiterTalk_End.asset
Drama_NPC_WaiterTalk_Loop	BaseLayer	Assets/Product/Role/DlcAnimation/BigWorld/Common/Npc1FemaleMd00001SG/Npc1FemaleMd00001SG/CommonLayer/Drama_NPC_WaiterTalk_Loop.anim	Assets/Product/Role/DlcAnimation/BigWorld/Common/Npc1FemaleMd00001SG/Npc1FemaleMd00001SG/CommonLayer/Drama_NPC_WaiterTalk_Loop.asset
Drama_NPC_WaiterTalk_Start	BaseLayer	Assets/Product/Role/DlcAnimation/BigWorld/Common/Npc1FemaleMd00001SG/Npc1FemaleMd00001SG/CommonLayer/Drama_NPC_WaiterTalk_Start.anim	Assets/Product/Role/DlcAnimation/BigWorld/Common/Npc1FemaleMd00001SG/Npc1FemaleMd00001SG/CommonLayer/Drama_NPC_WaiterTalk_Start.asset
Drama_Shy1_End	BaseLayer	Assets/Product/Role/DlcAnimation/BigWorld/Common/Npc1FemaleMd00001SG/Npc1FemaleMd00001SG/CommonLayer/Drama_Shy1_End.anim	Assets/Product/Role/DlcAnimation/BigWorld/Common/Npc1FemaleMd00001SG/Npc1FemaleMd00001SG/CommonLayer/Drama_Shy1_End.asset
Drama_Shy1_Loop	BaseLayer	Assets/Product/Role/DlcAnimation/BigWorld/Common/Npc1FemaleMd00001SG/Npc1FemaleMd00001SG/CommonLayer/Drama_Shy1_Loop.anim	Assets/Product/Role/DlcAnimation/BigWorld/Common/Npc1FemaleMd00001SG/Npc1FemaleMd00001SG/CommonLayer/Drama_Shy1_Loop.asset
Drama_Shy1_Start	BaseLayer	Assets/Product/Role/DlcAnimation/BigWorld/Common/Npc1FemaleMd00001SG/Npc1FemaleMd00001SG/CommonLayer/Drama_Shy1_Start.anim	Assets/Product/Role/DlcAnimation/BigWorld/Common/Npc1FemaleMd00001SG/Npc1FemaleMd00001SG/CommonLayer/Drama_Shy1_Start.asset
Drama_SitDown_End	BaseLayer	Assets/Product/Role/DlcAnimation/BigWorld/Common/Npc1FemaleMd00001SG/Npc1FemaleMd00001SG/CommonLayer/Drama_SitDown_End.anim	Assets/Product/Role/DlcAnimation/BigWorld/Common/Npc1FemaleMd00001SG/Npc1FemaleMd00001SG/CommonLayer/Drama_SitDown_End.asset
Drama_SitDown_Loop	BaseLayer	Assets/Product/Role/DlcAnimation/BigWorld/Common/Npc1FemaleMd00001SG/Npc1FemaleMd00001SG/CommonLayer/Drama_SitDown_Loop.anim	Assets/Product/Role/DlcAnimation/BigWorld/Common/Npc1FemaleMd00001SG/Npc1FemaleMd00001SG/CommonLayer/Drama_SitDown_Loop.asset
Drama_SitDown_Star	BaseLayer	Assets/Product/Role/DlcAnimation/BigWorld/Common/Npc1FemaleMd00001SG/Npc1FemaleMd00001SG/CommonLayer/Drama_SitDown_Star.anim	Assets/Product/Role/DlcAnimation/BigWorld/Common/Npc1FemaleMd00001SG/Npc1FemaleMd00001SG/CommonLayer/Drama_SitDown_Star.asset
Drama_SitDown_Start	BaseLayer	Assets/Product/Role/DlcAnimation/BigWorld/Common/Npc1FemaleMd00001SG/Npc1FemaleMd00001SG/CommonLayer/Drama_SitDown_Start.anim	Assets/Product/Role/DlcAnimation/BigWorld/Common/Npc1FemaleMd00001SG/Npc1FemaleMd00001SG/CommonLayer/Drama_SitDown_Start.asset
Drama_Sit_01	BaseLayer	Assets/Product/Role/DlcAnimation/BigWorld/Common/Npc1FemaleMd00001SG/Npc1FemaleMd00001SG/CommonLayer/Drama_Sit_01.anim	Assets/Product/Role/DlcAnimation/BigWorld/Common/Npc1FemaleMd00001SG/Npc1FemaleMd00001SG/CommonLayer/Drama_Sit_01.asset
Drama_Sit_02_End	BaseLayer	Assets/Product/Role/DlcAnimation/BigWorld/Common/Npc1FemaleMd00001SG/Npc1FemaleMd00001SG/CommonLayer/Drama_Sit_02_End.anim	Assets/Product/Role/DlcAnimation/BigWorld/Common/Npc1FemaleMd00001SG/Npc1FemaleMd00001SG/CommonLayer/Drama_Sit_02_End.asset
Drama_Sit_02_Loop	BaseLayer	Assets/Product/Role/DlcAnimation/BigWorld/Common/Npc1FemaleMd00001SG/Npc1FemaleMd00001SG/CommonLayer/Drama_Sit_02_Loop.anim	Assets/Product/Role/DlcAnimation/BigWorld/Common/Npc1FemaleMd00001SG/Npc1FemaleMd00001SG/CommonLayer/Drama_Sit_02_Loop.asset
Drama_Sit_02_Start	BaseLayer	Assets/Product/Role/DlcAnimation/BigWorld/Common/Npc1FemaleMd00001SG/Npc1FemaleMd00001SG/CommonLayer/Drama_Sit_02_Start.anim	Assets/Product/Role/DlcAnimation/BigWorld/Common/Npc1FemaleMd00001SG/Npc1FemaleMd00001SG/CommonLayer/Drama_Sit_02_Start.asset
Drama_Sit_03	BaseLayer	Assets/Product/Role/DlcAnimation/BigWorld/Common/Npc1FemaleMd00001SG/Npc1FemaleMd00001SG/CommonLayer/Drama_Sit_03.anim	Assets/Product/Role/DlcAnimation/BigWorld/Common/Npc1FemaleMd00001SG/Npc1FemaleMd00001SG/CommonLayer/Drama_Sit_03.asset
Drama_Sit_04	BaseLayer	Assets/Product/Role/DlcAnimation/BigWorld/Common/Npc1FemaleMd00001SG/Npc1FemaleMd00001SG/CommonLayer/Drama_Sit_04.anim	Assets/Product/Role/DlcAnimation/BigWorld/Common/Npc1FemaleMd00001SG/Npc1FemaleMd00001SG/CommonLayer/Drama_Sit_04.asset
Drama_Sit_05_End	BaseLayer	Assets/Product/Role/DlcAnimation/BigWorld/Common/Npc1FemaleMd00001SG/Npc1FemaleMd00001SG/CommonLayer/Drama_Sit_05_End.anim	Assets/Product/Role/DlcAnimation/BigWorld/Common/Npc1FemaleMd00001SG/Npc1FemaleMd00001SG/CommonLayer/Drama_Sit_05_End.asset
Drama_Sit_05_Loop	BaseLayer	Assets/Product/Role/DlcAnimation/BigWorld/Common/Npc1FemaleMd00001SG/Npc1FemaleMd00001SG/CommonLayer/Drama_Sit_05_Loop.anim	Assets/Product/Role/DlcAnimation/BigWorld/Common/Npc1FemaleMd00001SG/Npc1FemaleMd00001SG/CommonLayer/Drama_Sit_05_Loop.asset
Drama_Sit_05_Start	BaseLayer	Assets/Product/Role/DlcAnimation/BigWorld/Common/Npc1FemaleMd00001SG/Npc1FemaleMd00001SG/CommonLayer/Drama_Sit_05_Start.anim	Assets/Product/Role/DlcAnimation/BigWorld/Common/Npc1FemaleMd00001SG/Npc1FemaleMd00001SG/CommonLayer/Drama_Sit_05_Start.asset
Drama_Sit_06_End	BaseLayer	Assets/Product/Role/DlcAnimation/BigWorld/Common/Npc1FemaleMd00001SG/Npc1FemaleMd00001SG/CommonLayer/Drama_Sit_06_End.anim	Assets/Product/Role/DlcAnimation/BigWorld/Common/Npc1FemaleMd00001SG/Npc1FemaleMd00001SG/CommonLayer/Drama_Sit_06_End.asset
Drama_Sit_06_Loop	BaseLayer	Assets/Product/Role/DlcAnimation/BigWorld/Common/Npc1FemaleMd00001SG/Npc1FemaleMd00001SG/CommonLayer/Drama_Sit_06_Loop.anim	Assets/Product/Role/DlcAnimation/BigWorld/Common/Npc1FemaleMd00001SG/Npc1FemaleMd00001SG/CommonLayer/Drama_Sit_06_Loop.asset
Drama_Sit_06_Start	BaseLayer	Assets/Product/Role/DlcAnimation/BigWorld/Common/Npc1FemaleMd00001SG/Npc1FemaleMd00001SG/CommonLayer/Drama_Sit_06_Start.anim	Assets/Product/Role/DlcAnimation/BigWorld/Common/Npc1FemaleMd00001SG/Npc1FemaleMd00001SG/CommonLayer/Drama_Sit_06_Start.asset
Drama_Sit_07_End	BaseLayer	Assets/Product/Role/DlcAnimation/BigWorld/Common/Npc1FemaleMd00001SG/Npc1FemaleMd00001SG/CommonLayer/Drama_Sit_07_End.anim	Assets/Product/Role/DlcAnimation/BigWorld/Common/Npc1FemaleMd00001SG/Npc1FemaleMd00001SG/CommonLayer/Drama_Sit_07_End.asset
Drama_Sit_07_Loop	BaseLayer	Assets/Product/Role/DlcAnimation/BigWorld/Common/Npc1FemaleMd00001SG/Npc1FemaleMd00001SG/CommonLayer/Drama_Sit_07_Loop.anim	Assets/Product/Role/DlcAnimation/BigWorld/Common/Npc1FemaleMd00001SG/Npc1FemaleMd00001SG/CommonLayer/Drama_Sit_07_Loop.asset
Drama_Sit_07_Start	BaseLayer	Assets/Product/Role/DlcAnimation/BigWorld/Common/Npc1FemaleMd00001SG/Npc1FemaleMd00001SG/CommonLayer/Drama_Sit_07_Start.anim	Assets/Product/Role/DlcAnimation/BigWorld/Common/Npc1FemaleMd00001SG/Npc1FemaleMd00001SG/CommonLayer/Drama_Sit_07_Start.asset
Drama_Stand_01	BaseLayer	Assets/Product/Role/DlcAnimation/BigWorld/Common/Npc1FemaleMd00001SG/Npc1FemaleMd00001SG/CommonLayer/Drama_Stand_01.anim	Assets/Product/Role/DlcAnimation/BigWorld/Common/Npc1FemaleMd00001SG/Npc1FemaleMd00001SG/CommonLayer/Drama_Stand_01.asset
Drama_Stand_02_End	BaseLayer	Assets/Product/Role/DlcAnimation/BigWorld/Common/Npc1FemaleMd00001SG/Npc1FemaleMd00001SG/CommonLayer/Drama_Stand_02_End.anim	Assets/Product/Role/DlcAnimation/BigWorld/Common/Npc1FemaleMd00001SG/Npc1FemaleMd00001SG/CommonLayer/Drama_Stand_02_End.asset
Drama_Stand_02_Loop	BaseLayer	Assets/Product/Role/DlcAnimation/BigWorld/Common/Npc1FemaleMd00001SG/Npc1FemaleMd00001SG/CommonLayer/Drama_Stand_02_Loop.anim	Assets/Product/Role/DlcAnimation/BigWorld/Common/Npc1FemaleMd00001SG/Npc1FemaleMd00001SG/CommonLayer/Drama_Stand_02_Loop.asset
Drama_Stand_02_Start	BaseLayer	Assets/Product/Role/DlcAnimation/BigWorld/Common/Npc1FemaleMd00001SG/Npc1FemaleMd00001SG/CommonLayer/Drama_Stand_02_Start.anim	Assets/Product/Role/DlcAnimation/BigWorld/Common/Npc1FemaleMd00001SG/Npc1FemaleMd00001SG/CommonLayer/Drama_Stand_02_Start.asset
Drama_Stand_03_End	BaseLayer	Assets/Product/Role/DlcAnimation/BigWorld/Common/Npc1FemaleMd00001SG/Npc1FemaleMd00001SG/CommonLayer/Drama_Stand_03_End.anim	Assets/Product/Role/DlcAnimation/BigWorld/Common/Npc1FemaleMd00001SG/Npc1FemaleMd00001SG/CommonLayer/Drama_Stand_03_End.asset
Drama_Stand_03_Loop	BaseLayer	Assets/Product/Role/DlcAnimation/BigWorld/Common/Npc1FemaleMd00001SG/Npc1FemaleMd00001SG/CommonLayer/Drama_Stand_03_Loop.anim	Assets/Product/Role/DlcAnimation/BigWorld/Common/Npc1FemaleMd00001SG/Npc1FemaleMd00001SG/CommonLayer/Drama_Stand_03_Loop.asset
Drama_Stand_03_Start	BaseLayer	Assets/Product/Role/DlcAnimation/BigWorld/Common/Npc1FemaleMd00001SG/Npc1FemaleMd00001SG/CommonLayer/Drama_Stand_03_Start.anim	Assets/Product/Role/DlcAnimation/BigWorld/Common/Npc1FemaleMd00001SG/Npc1FemaleMd00001SG/CommonLayer/Drama_Stand_03_Start.asset
Drama_Stand_04_End	BaseLayer	Assets/Product/Role/DlcAnimation/BigWorld/Common/Npc1FemaleMd00001SG/Npc1FemaleMd00001SG/CommonLayer/Drama_Stand_04_End.anim	Assets/Product/Role/DlcAnimation/BigWorld/Common/Npc1FemaleMd00001SG/Npc1FemaleMd00001SG/CommonLayer/Drama_Stand_04_End.asset
Drama_Stand_04_Loop	BaseLayer	Assets/Product/Role/DlcAnimation/BigWorld/Common/Npc1FemaleMd00001SG/Npc1FemaleMd00001SG/CommonLayer/Drama_Stand_04_Loop.anim	Assets/Product/Role/DlcAnimation/BigWorld/Common/Npc1FemaleMd00001SG/Npc1FemaleMd00001SG/CommonLayer/Drama_Stand_04_Loop.asset
Drama_Stand_04_Start	BaseLayer	Assets/Product/Role/DlcAnimation/BigWorld/Common/Npc1FemaleMd00001SG/Npc1FemaleMd00001SG/CommonLayer/Drama_Stand_04_Start.anim	Assets/Product/Role/DlcAnimation/BigWorld/Common/Npc1FemaleMd00001SG/Npc1FemaleMd00001SG/CommonLayer/Drama_Stand_04_Start.asset
Drama_Stand_05_End	BaseLayer	Assets/Product/Role/DlcAnimation/BigWorld/Common/Npc1FemaleMd00001SG/Npc1FemaleMd00001SG/CommonLayer/Drama_Stand_05_End.anim	Assets/Product/Role/DlcAnimation/BigWorld/Common/Npc1FemaleMd00001SG/Npc1FemaleMd00001SG/CommonLayer/Drama_Stand_05_End.asset
Drama_Stand_05_Loop	BaseLayer	Assets/Product/Role/DlcAnimation/BigWorld/Common/Npc1FemaleMd00001SG/Npc1FemaleMd00001SG/CommonLayer/Drama_Stand_05_Loop.anim	Assets/Product/Role/DlcAnimation/BigWorld/Common/Npc1FemaleMd00001SG/Npc1FemaleMd00001SG/CommonLayer/Drama_Stand_05_Loop.asset
Drama_Stand_05_Start	BaseLayer	Assets/Product/Role/DlcAnimation/BigWorld/Common/Npc1FemaleMd00001SG/Npc1FemaleMd00001SG/CommonLayer/Drama_Stand_05_Start.anim	Assets/Product/Role/DlcAnimation/BigWorld/Common/Npc1FemaleMd00001SG/Npc1FemaleMd00001SG/CommonLayer/Drama_Stand_05_Start.asset
Drama_Stand_06_End	BaseLayer	Assets/Product/Role/DlcAnimation/BigWorld/Common/Npc1FemaleMd00001SG/Npc1FemaleMd00001SG/CommonLayer/Drama_Stand_06_End.anim	Assets/Product/Role/DlcAnimation/BigWorld/Common/Npc1FemaleMd00001SG/Npc1FemaleMd00001SG/CommonLayer/Drama_Stand_06_End.asset
Drama_Stand_06_Loop	BaseLayer	Assets/Product/Role/DlcAnimation/BigWorld/Common/Npc1FemaleMd00001SG/Npc1FemaleMd00001SG/CommonLayer/Drama_Stand_06_Loop.anim	Assets/Product/Role/DlcAnimation/BigWorld/Common/Npc1FemaleMd00001SG/Npc1FemaleMd00001SG/CommonLayer/Drama_Stand_06_Loop.asset
Drama_Stand_06_Start	BaseLayer	Assets/Product/Role/DlcAnimation/BigWorld/Common/Npc1FemaleMd00001SG/Npc1FemaleMd00001SG/CommonLayer/Drama_Stand_06_Start.anim	Assets/Product/Role/DlcAnimation/BigWorld/Common/Npc1FemaleMd00001SG/Npc1FemaleMd00001SG/CommonLayer/Drama_Stand_06_Start.asset
Drama_Stand_09_End	BaseLayer	Assets/Product/Role/DlcAnimation/BigWorld/Common/Npc1FemaleMd00001SG/Npc1FemaleMd00001SG/CommonLayer/Drama_Stand_09_End.anim	Assets/Product/Role/DlcAnimation/BigWorld/Common/Npc1FemaleMd00001SG/Npc1FemaleMd00001SG/CommonLayer/Drama_Stand_09_End.asset
Drama_Stand_09_Loop	BaseLayer	Assets/Product/Role/DlcAnimation/BigWorld/Common/Npc1FemaleMd00001SG/Npc1FemaleMd00001SG/CommonLayer/Drama_Stand_09_Loop.anim	Assets/Product/Role/DlcAnimation/BigWorld/Common/Npc1FemaleMd00001SG/Npc1FemaleMd00001SG/CommonLayer/Drama_Stand_09_Loop.asset
Drama_Stand_09_Start	BaseLayer	Assets/Product/Role/DlcAnimation/BigWorld/Common/Npc1FemaleMd00001SG/Npc1FemaleMd00001SG/CommonLayer/Drama_Stand_09_Start.anim	Assets/Product/Role/DlcAnimation/BigWorld/Common/Npc1FemaleMd00001SG/Npc1FemaleMd00001SG/CommonLayer/Drama_Stand_09_Start.asset
Drama_Stand_11	BaseLayer	Assets/Product/Role/DlcAnimation/BigWorld/Common/Npc1FemaleMd00001SG/Npc1FemaleMd00001SG/CommonLayer/Drama_Stand_11.anim	Assets/Product/Role/DlcAnimation/BigWorld/Common/Npc1FemaleMd00001SG/Npc1FemaleMd00001SG/CommonLayer/Drama_Stand_11.asset
Drama_Stand_12	BaseLayer	Assets/Product/Role/DlcAnimation/BigWorld/Common/Npc1FemaleMd00001SG/Npc1FemaleMd00001SG/CommonLayer/Drama_Stand_12.anim	Assets/Product/Role/DlcAnimation/BigWorld/Common/Npc1FemaleMd00001SG/Npc1FemaleMd00001SG/CommonLayer/Drama_Stand_12.asset
Drama_Stand_15_End	BaseLayer	Assets/Product/Role/DlcAnimation/BigWorld/Common/Npc1FemaleMd00001SG/Npc1FemaleMd00001SG/CommonLayer/Drama_Stand_15_End.anim	Assets/Product/Role/DlcAnimation/BigWorld/Common/Npc1FemaleMd00001SG/Npc1FemaleMd00001SG/CommonLayer/Drama_Stand_15_End.asset
Drama_Stand_15_Loop	BaseLayer	Assets/Product/Role/DlcAnimation/BigWorld/Common/Npc1FemaleMd00001SG/Npc1FemaleMd00001SG/CommonLayer/Drama_Stand_15_Loop.anim	Assets/Product/Role/DlcAnimation/BigWorld/Common/Npc1FemaleMd00001SG/Npc1FemaleMd00001SG/CommonLayer/Drama_Stand_15_Loop.asset
Drama_Stand_15_Start	BaseLayer	Assets/Product/Role/DlcAnimation/BigWorld/Common/Npc1FemaleMd00001SG/Npc1FemaleMd00001SG/CommonLayer/Drama_Stand_15_Start.anim	Assets/Product/Role/DlcAnimation/BigWorld/Common/Npc1FemaleMd00001SG/Npc1FemaleMd00001SG/CommonLayer/Drama_Stand_15_Start.asset
Fear_01	BaseLayer	Assets/Product/Role/DlcAnimation/BigWorld/Common/Npc1FemaleMd00001SG/Npc1FemaleMd00001SG/CommonLayer/Fear_01.anim	Assets/Product/Role/DlcAnimation/BigWorld/Common/Npc1FemaleMd00001SG/Npc1FemaleMd00001SG/CommonLayer/Fear_01.asset
Fear_01_End	BaseLayer	Assets/Product/Role/DlcAnimation/BigWorld/Common/Npc1FemaleMd00001SG/Npc1FemaleMd00001SG/CommonLayer/Fear_01_End.anim	Assets/Product/Role/DlcAnimation/BigWorld/Common/Npc1FemaleMd00001SG/Npc1FemaleMd00001SG/CommonLayer/Fear_01_End.asset
Fear_01_loop	BaseLayer	Assets/Product/Role/DlcAnimation/BigWorld/Common/Npc1FemaleMd00001SG/Npc1FemaleMd00001SG/CommonLayer/Fear_01_loop.anim	Assets/Product/Role/DlcAnimation/BigWorld/Common/Npc1FemaleMd00001SG/Npc1FemaleMd00001SG/CommonLayer/Fear_01_loop.asset
Fear_01_Start	BaseLayer	Assets/Product/Role/DlcAnimation/BigWorld/Common/Npc1FemaleMd00001SG/Npc1FemaleMd00001SG/CommonLayer/Fear_01_Start.anim	Assets/Product/Role/DlcAnimation/BigWorld/Common/Npc1FemaleMd00001SG/Npc1FemaleMd00001SG/CommonLayer/Fear_01_Start.asset
Inquisitive_01	BaseLayer	Assets/Product/Role/DlcAnimation/BigWorld/Common/Npc1FemaleMd00001SG/Npc1FemaleMd00001SG/CommonLayer/Inquisitive_01.anim	Assets/Product/Role/DlcAnimation/BigWorld/Common/Npc1FemaleMd00001SG/Npc1FemaleMd00001SG/CommonLayer/Inquisitive_01.asset
Run	BaseLayer	Assets/Product/Role/DlcAnimation/BigWorld/Common/Npc1FemaleMd00001SG/Npc1FemaleMd00001SG/CommonLayer/Run.anim	Assets/Product/Role/DlcAnimation/BigWorld/Common/Npc1FemaleMd00001SG/Npc1FemaleMd00001SG/CommonLayer/Run.asset
Sit_01_Loop	BaseLayer	Assets/Product/Role/DlcAnimation/BigWorld/Common/Npc1FemaleMd00001SG/Npc1FemaleMd00001SG/CommonLayer/Sit_01_Loop.anim	Assets/Product/Role/DlcAnimation/BigWorld/Common/Npc1FemaleMd00001SG/Npc1FemaleMd00001SG/CommonLayer/Sit_01_Loop.asset
Sit_02_Loop	BaseLayer	Assets/Product/Role/DlcAnimation/BigWorld/Common/Npc1FemaleMd00001SG/Npc1FemaleMd00001SG/CommonLayer/Sit_02_Loop.anim	Assets/Product/Role/DlcAnimation/BigWorld/Common/Npc1FemaleMd00001SG/Npc1FemaleMd00001SG/CommonLayer/Sit_02_Loop.asset
Sit_03_Loop	BaseLayer	Assets/Product/Role/DlcAnimation/BigWorld/Common/Npc1FemaleMd00001SG/Npc1FemaleMd00001SG/CommonLayer/Sit_03_Loop.anim	Assets/Product/Role/DlcAnimation/BigWorld/Common/Npc1FemaleMd00001SG/Npc1FemaleMd00001SG/CommonLayer/Sit_03_Loop.asset
Sit_04_Loop	BaseLayer	Assets/Product/Role/DlcAnimation/BigWorld/Common/Npc1FemaleMd00001SG/Npc1FemaleMd00001SG/CommonLayer/Sit_04_Loop.anim	Assets/Product/Role/DlcAnimation/BigWorld/Common/Npc1FemaleMd00001SG/Npc1FemaleMd00001SG/CommonLayer/Sit_04_Loop.asset
Sit_05_Loop	BaseLayer	Assets/Product/Role/DlcAnimation/BigWorld/Common/Npc1FemaleMd00001SG/Npc1FemaleMd00001SG/CommonLayer/Sit_05_Loop.anim	Assets/Product/Role/DlcAnimation/BigWorld/Common/Npc1FemaleMd00001SG/Npc1FemaleMd00001SG/CommonLayer/Sit_05_Loop.asset
Stand1	BaseLayer	Assets/Product/Role/DlcAnimation/BigWorld/Common/Npc1FemaleMd00001SG/Npc1FemaleMd00001SG/CommonLayer/Stand1.anim	Assets/Product/Role/DlcAnimation/BigWorld/Common/Npc1FemaleMd00001SG/Npc1FemaleMd00001SG/CommonLayer/Stand1.asset
Stand2	BaseLayer	Assets/Product/Role/DlcAnimation/BigWorld/Common/Npc1FemaleMd00001SG/Npc1FemaleMd00001SG/CommonLayer/Stand2.anim	Assets/Product/Role/DlcAnimation/BigWorld/Common/Npc1FemaleMd00001SG/Npc1FemaleMd00001SG/CommonLayer/Stand2.asset
Stand3	BaseLayer	Assets/Product/Role/DlcAnimation/BigWorld/Common/Npc1FemaleMd00001SG/Npc1FemaleMd00001SG/CommonLayer/Stand3.anim	Assets/Product/Role/DlcAnimation/BigWorld/Common/Npc1FemaleMd00001SG/Npc1FemaleMd00001SG/CommonLayer/Stand3.asset
Stand4	BaseLayer	Assets/Product/Role/DlcAnimation/BigWorld/Common/Npc1FemaleMd00001SG/Npc1FemaleMd00001SG/CommonLayer/Stand4.anim	Assets/Product/Role/DlcAnimation/BigWorld/Common/Npc1FemaleMd00001SG/Npc1FemaleMd00001SG/CommonLayer/Stand4.asset
Stand5	BaseLayer	Assets/Product/Role/DlcAnimation/BigWorld/Common/Npc1FemaleMd00001SG/Npc1FemaleMd00001SG/CommonLayer/Stand5.anim	Assets/Product/Role/DlcAnimation/BigWorld/Common/Npc1FemaleMd00001SG/Npc1FemaleMd00001SG/CommonLayer/Stand5.asset
Stand6	BaseLayer	Assets/Product/Role/DlcAnimation/BigWorld/Common/Npc1FemaleMd00001SG/Npc1FemaleMd00001SG/CommonLayer/Stand6.anim	Assets/Product/Role/DlcAnimation/BigWorld/Common/Npc1FemaleMd00001SG/Npc1FemaleMd00001SG/CommonLayer/Stand6.asset
Stand7	BaseLayer	Assets/Product/Role/DlcAnimation/BigWorld/Common/Npc1FemaleMd00001SG/Npc1FemaleMd00001SG/CommonLayer/Stand7.anim	Assets/Product/Role/DlcAnimation/BigWorld/Common/Npc1FemaleMd00001SG/Npc1FemaleMd00001SG/CommonLayer/Stand7.asset
StandPhone_End	BaseLayer	Assets/Product/Role/DlcAnimation/BigWorld/Common/Npc1FemaleMd00001SG/Npc1FemaleMd00001SG/CommonLayer/StandPhone_End.anim	Assets/Product/Role/DlcAnimation/BigWorld/Common/Npc1FemaleMd00001SG/Npc1FemaleMd00001SG/CommonLayer/StandPhone_End.asset
StandPhone_Loop	BaseLayer	Assets/Product/Role/DlcAnimation/BigWorld/Common/Npc1FemaleMd00001SG/Npc1FemaleMd00001SG/CommonLayer/StandPhone_Loop.anim	Assets/Product/Role/DlcAnimation/BigWorld/Common/Npc1FemaleMd00001SG/Npc1FemaleMd00001SG/CommonLayer/StandPhone_Loop.asset
StandPhone_Start	BaseLayer	Assets/Product/Role/DlcAnimation/BigWorld/Common/Npc1FemaleMd00001SG/Npc1FemaleMd00001SG/CommonLayer/StandPhone_Start.anim	Assets/Product/Role/DlcAnimation/BigWorld/Common/Npc1FemaleMd00001SG/Npc1FemaleMd00001SG/CommonLayer/StandPhone_Start.asset
Think_01	BaseLayer	Assets/Product/Role/DlcAnimation/BigWorld/Common/Npc1FemaleMd00001SG/Npc1FemaleMd00001SG/CommonLayer/Think_01.anim	Assets/Product/Role/DlcAnimation/BigWorld/Common/Npc1FemaleMd00001SG/Npc1FemaleMd00001SG/CommonLayer/Think_01.asset
Tired_01	BaseLayer	Assets/Product/Role/DlcAnimation/BigWorld/Common/Npc1FemaleMd00001SG/Npc1FemaleMd00001SG/CommonLayer/Tired_01.anim	Assets/Product/Role/DlcAnimation/BigWorld/Common/Npc1FemaleMd00001SG/Npc1FemaleMd00001SG/CommonLayer/Tired_01.asset
Turn90L	BaseLayer	Assets/Product/Role/DlcAnimation/BigWorld/Common/Npc1FemaleMd00001SG/Npc1FemaleMd00001SG/CommonLayer/Turn90L.anim	Assets/Product/Role/DlcAnimation/BigWorld/Common/Npc1FemaleMd00001SG/Npc1FemaleMd00001SG/CommonLayer/Turn90L.asset
Turn90R	BaseLayer	Assets/Product/Role/DlcAnimation/BigWorld/Common/Npc1FemaleMd00001SG/Npc1FemaleMd00001SG/CommonLayer/Turn90R.anim	Assets/Product/Role/DlcAnimation/BigWorld/Common/Npc1FemaleMd00001SG/Npc1FemaleMd00001SG/CommonLayer/Turn90R.asset
Walk	BaseLayer	Assets/Product/Role/DlcAnimation/BigWorld/Common/Npc1FemaleMd00001SG/Npc1FemaleMd00001SG/CommonLayer/Walk.anim	Assets/Product/Role/DlcAnimation/BigWorld/Common/Npc1FemaleMd00001SG/Npc1FemaleMd00001SG/CommonLayer/Walk.asset
Wall_01_Loop	BaseLayer	Assets/Product/Role/DlcAnimation/BigWorld/Common/Npc1FemaleMd00001SG/Npc1FemaleMd00001SG/CommonLayer/Wall_01_Loop.anim	Assets/Product/Role/DlcAnimation/BigWorld/Common/Npc1FemaleMd00001SG/Npc1FemaleMd00001SG/CommonLayer/Wall_01_Loop.asset
Drama_Special_05_End	FaceLayer	Assets/Product/Role/DlcAnimation/BigWorld/Common/Npc1FemaleMd00001SG/Npc1FemaleMd00001SG/FaceLayer/Drama_Special_05_End.anim	
Drama_Special_05_Loop	FaceLayer	Assets/Product/Role/DlcAnimation/BigWorld/Common/Npc1FemaleMd00001SG/Npc1FemaleMd00001SG/FaceLayer/Drama_Special_05_Loop.anim	
Drama_Special_05_Start	FaceLayer	Assets/Product/Role/DlcAnimation/BigWorld/Common/Npc1FemaleMd00001SG/Npc1FemaleMd00001SG/FaceLayer/Drama_Special_05_Start.anim	
Drama_Special_06_End	FaceLayer	Assets/Product/Role/DlcAnimation/BigWorld/Common/Npc1FemaleMd00001SG/Npc1FemaleMd00001SG/FaceLayer/Drama_Special_06_End.anim	
Drama_Special_06_Loop	FaceLayer	Assets/Product/Role/DlcAnimation/BigWorld/Common/Npc1FemaleMd00001SG/Npc1FemaleMd00001SG/FaceLayer/Drama_Special_06_Loop.anim	
Drama_Special_06_Start	FaceLayer	Assets/Product/Role/DlcAnimation/BigWorld/Common/Npc1FemaleMd00001SG/Npc1FemaleMd00001SG/FaceLayer/Drama_Special_06_Start.anim	
Drama_Special_07_End	FaceLayer	Assets/Product/Role/DlcAnimation/BigWorld/Common/Npc1FemaleMd00001SG/Npc1FemaleMd00001SG/FaceLayer/Drama_Special_07_End.anim	
Drama_Special_07_Loop	FaceLayer	Assets/Product/Role/DlcAnimation/BigWorld/Common/Npc1FemaleMd00001SG/Npc1FemaleMd00001SG/FaceLayer/Drama_Special_07_Loop.anim	
Drama_Special_07_Start	FaceLayer	Assets/Product/Role/DlcAnimation/BigWorld/Common/Npc1FemaleMd00001SG/Npc1FemaleMd00001SG/FaceLayer/Drama_Special_07_Start.anim	
Drama_Special_08_End	FaceLayer	Assets/Product/Role/DlcAnimation/BigWorld/Common/Npc1FemaleMd00001SG/Npc1FemaleMd00001SG/FaceLayer/Drama_Special_08_End.anim	
Drama_Special_08_Loop	FaceLayer	Assets/Product/Role/DlcAnimation/BigWorld/Common/Npc1FemaleMd00001SG/Npc1FemaleMd00001SG/FaceLayer/Drama_Special_08_Loop.anim	
Drama_Special_08_Start	FaceLayer	Assets/Product/Role/DlcAnimation/BigWorld/Common/Npc1FemaleMd00001SG/Npc1FemaleMd00001SG/FaceLayer/Drama_Special_08_Start.anim	
Drama_Special_09_End	FaceLayer	Assets/Product/Role/DlcAnimation/BigWorld/Common/Npc1FemaleMd00001SG/Npc1FemaleMd00001SG/FaceLayer/Drama_Special_09_End.anim	
Drama_Special_09_Loop	FaceLayer	Assets/Product/Role/DlcAnimation/BigWorld/Common/Npc1FemaleMd00001SG/Npc1FemaleMd00001SG/FaceLayer/Drama_Special_09_Loop.anim	
Drama_Special_09_Start	FaceLayer	Assets/Product/Role/DlcAnimation/BigWorld/Common/Npc1FemaleMd00001SG/Npc1FemaleMd00001SG/FaceLayer/Drama_Special_09_Start.anim	
Drama_Special_10_End	FaceLayer	Assets/Product/Role/DlcAnimation/BigWorld/Common/Npc1FemaleMd00001SG/Npc1FemaleMd00001SG/FaceLayer/Drama_Special_10_End.anim	
Drama_Special_10_Loop	FaceLayer	Assets/Product/Role/DlcAnimation/BigWorld/Common/Npc1FemaleMd00001SG/Npc1FemaleMd00001SG/FaceLayer/Drama_Special_10_Loop.anim	
Drama_Special_10_Start	FaceLayer	Assets/Product/Role/DlcAnimation/BigWorld/Common/Npc1FemaleMd00001SG/Npc1FemaleMd00001SG/FaceLayer/Drama_Special_10_Start.anim	
Drama_Special_11_End	FaceLayer	Assets/Product/Role/DlcAnimation/BigWorld/Common/Npc1FemaleMd00001SG/Npc1FemaleMd00001SG/FaceLayer/Drama_Special_11_End.anim	
Drama_Special_11_Loop	FaceLayer	Assets/Product/Role/DlcAnimation/BigWorld/Common/Npc1FemaleMd00001SG/Npc1FemaleMd00001SG/FaceLayer/Drama_Special_11_Loop.anim	
Drama_Special_11_Start	FaceLayer	Assets/Product/Role/DlcAnimation/BigWorld/Common/Npc1FemaleMd00001SG/Npc1FemaleMd00001SG/FaceLayer/Drama_Special_11_Start.anim	
Drama_Special_12_End	FaceLayer	Assets/Product/Role/DlcAnimation/BigWorld/Common/Npc1FemaleMd00001SG/Npc1FemaleMd00001SG/FaceLayer/Drama_Special_12_End.anim	
Drama_Special_12_Loop	FaceLayer	Assets/Product/Role/DlcAnimation/BigWorld/Common/Npc1FemaleMd00001SG/Npc1FemaleMd00001SG/FaceLayer/Drama_Special_12_Loop.anim	
Drama_Special_12_Start	FaceLayer	Assets/Product/Role/DlcAnimation/BigWorld/Common/Npc1FemaleMd00001SG/Npc1FemaleMd00001SG/FaceLayer/Drama_Special_12_Start.anim	
Drama_Special_13_End	FaceLayer	Assets/Product/Role/DlcAnimation/BigWorld/Common/Npc1FemaleMd00001SG/Npc1FemaleMd00001SG/FaceLayer/Drama_Special_13_End.anim	
Drama_Special_13_Loop	FaceLayer	Assets/Product/Role/DlcAnimation/BigWorld/Common/Npc1FemaleMd00001SG/Npc1FemaleMd00001SG/FaceLayer/Drama_Special_13_Loop.anim	
Drama_Special_13_Start	FaceLayer	Assets/Product/Role/DlcAnimation/BigWorld/Common/Npc1FemaleMd00001SG/Npc1FemaleMd00001SG/FaceLayer/Drama_Special_13_Start.anim	
Drama_Special_14_End	FaceLayer	Assets/Product/Role/DlcAnimation/BigWorld/Common/Npc1FemaleMd00001SG/Npc1FemaleMd00001SG/FaceLayer/Drama_Special_14_End.anim	
Drama_Special_14_Loop	FaceLayer	Assets/Product/Role/DlcAnimation/BigWorld/Common/Npc1FemaleMd00001SG/Npc1FemaleMd00001SG/FaceLayer/Drama_Special_14_Loop.anim	
Drama_Special_14_Start	FaceLayer	Assets/Product/Role/DlcAnimation/BigWorld/Common/Npc1FemaleMd00001SG/Npc1FemaleMd00001SG/FaceLayer/Drama_Special_14_Start.anim	
Drama_Special_15_End	FaceLayer	Assets/Product/Role/DlcAnimation/BigWorld/Common/Npc1FemaleMd00001SG/Npc1FemaleMd00001SG/FaceLayer/Drama_Special_15_End.anim	
Drama_Special_15_Loop	FaceLayer	Assets/Product/Role/DlcAnimation/BigWorld/Common/Npc1FemaleMd00001SG/Npc1FemaleMd00001SG/FaceLayer/Drama_Special_15_Loop.anim	
Drama_Special_15_Start	FaceLayer	Assets/Product/Role/DlcAnimation/BigWorld/Common/Npc1FemaleMd00001SG/Npc1FemaleMd00001SG/FaceLayer/Drama_Special_15_Start.anim	
Drama_Special_16_End	FaceLayer	Assets/Product/Role/DlcAnimation/BigWorld/Common/Npc1FemaleMd00001SG/Npc1FemaleMd00001SG/FaceLayer/Drama_Special_16_End.anim	
Drama_Special_16_Loop	FaceLayer	Assets/Product/Role/DlcAnimation/BigWorld/Common/Npc1FemaleMd00001SG/Npc1FemaleMd00001SG/FaceLayer/Drama_Special_16_Loop.anim	
Drama_Special_16_Start	FaceLayer	Assets/Product/Role/DlcAnimation/BigWorld/Common/Npc1FemaleMd00001SG/Npc1FemaleMd00001SG/FaceLayer/Drama_Special_16_Start.anim	
Drama_Special_Blink_Loop	FaceLayer	Assets/Product/Role/DlcAnimation/BigWorld/Common/Npc1FemaleMd00001SG/Npc1FemaleMd00001SG/FaceLayer/Drama_Special_Blink_Loop.anim	
Drama_Burh_End	BaseLayer	Assets/Product/Role/DlcAnimation/BigWorld/Common/Npc1FemaleMd00001SG/Npc1FemaleMd00001SG/CommonLayer/Drama_Burh_End.anim	Assets/Product/Role/DlcAnimation/BigWorld/Common/Npc1FemaleMd00001SG/Npc1FemaleMd00001SG/CommonLayer/Drama_Burh_End.asset
Drama_Burh_Loop	BaseLayer	Assets/Product/Role/DlcAnimation/BigWorld/Common/Npc1FemaleMd00001SG/Npc1FemaleMd00001SG/CommonLayer/Drama_Burh_Loop.anim	Assets/Product/Role/DlcAnimation/BigWorld/Common/Npc1FemaleMd00001SG/Npc1FemaleMd00001SG/CommonLayer/Drama_Burh_Loop.asset
Drama_Burh_Start	BaseLayer	Assets/Product/Role/DlcAnimation/BigWorld/Common/Npc1FemaleMd00001SG/Npc1FemaleMd00001SG/CommonLayer/Drama_Burh_Start.anim	Assets/Product/Role/DlcAnimation/BigWorld/Common/Npc1FemaleMd00001SG/Npc1FemaleMd00001SG/CommonLayer/Drama_Burh_Start.asset
Drama_Laugh_01_End	BaseLayer	Assets/Product/Role/DlcAnimation/BigWorld/Common/Npc1FemaleMd00001SG/Npc1FemaleMd00001SG/CommonLayer/Drama_Laugh_01_End.anim	Assets/Product/Role/DlcAnimation/BigWorld/Common/Npc1FemaleMd00001SG/Npc1FemaleMd00001SG/CommonLayer/Drama_Laugh_01_End.asset
Drama_Laugh_01_Loop	BaseLayer	Assets/Product/Role/DlcAnimation/BigWorld/Common/Npc1FemaleMd00001SG/Npc1FemaleMd00001SG/CommonLayer/Drama_Laugh_01_Loop.anim	Assets/Product/Role/DlcAnimation/BigWorld/Common/Npc1FemaleMd00001SG/Npc1FemaleMd00001SG/CommonLayer/Drama_Laugh_01_Loop.asset
Drama_Laugh_01_Start	BaseLayer	Assets/Product/Role/DlcAnimation/BigWorld/Common/Npc1FemaleMd00001SG/Npc1FemaleMd00001SG/CommonLayer/Drama_Laugh_01_Start.anim	Assets/Product/Role/DlcAnimation/BigWorld/Common/Npc1FemaleMd00001SG/Npc1FemaleMd00001SG/CommonLayer/Drama_Laugh_01_Start.asset
Stand6_End	BaseLayer	Assets/Product/Role/DlcAnimation/BigWorld/Common/Npc1FemaleMd00001SG/Npc1FemaleMd00001SG/CommonLayer/Stand6_End.anim	
Stand6_Loop	BaseLayer	Assets/Product/Role/DlcAnimation/BigWorld/Common/Npc1FemaleMd00001SG/Npc1FemaleMd00001SG/CommonLayer/Stand6_Loop.anim	
Stand6_Start	BaseLayer	Assets/Product/Role/DlcAnimation/BigWorld/Common/Npc1FemaleMd00001SG/Npc1FemaleMd00001SG/CommonLayer/Stand6_Start.anim	
Drama_NPC_Dance_01	BaseLayer	Assets/Product/Role/DlcAnimation/BigWorld/Common/Npc1FemaleMd00001SG/Npc1FemaleMd00001SG/CommonLayer/Drama_NPC_Dance_01.anim	Assets/Product/Role/DlcAnimation/BigWorld/Common/Npc1FemaleMd00001SG/Npc1FemaleMd00001SG/CommonLayer/Drama_NPC_Dance_01.asset
Drama_NPC_Pary_End	BaseLayer	Assets/Product/Role/DlcAnimation/BigWorld/Common/Npc1FemaleMd00001SG/Npc1FemaleMd00001SG/CommonLayer/Drama_NPC_Pary_End.anim	Assets/Product/Role/DlcAnimation/BigWorld/Common/Npc1FemaleMd00001SG/Npc1FemaleMd00001SG/CommonLayer/Drama_NPC_Pary_End.asset
Drama_NPC_Pary_Loop	BaseLayer	Assets/Product/Role/DlcAnimation/BigWorld/Common/Npc1FemaleMd00001SG/Npc1FemaleMd00001SG/CommonLayer/Drama_NPC_Pary_Loop.anim	Assets/Product/Role/DlcAnimation/BigWorld/Common/Npc1FemaleMd00001SG/Npc1FemaleMd00001SG/CommonLayer/Drama_NPC_Pary_Loop.asset
Drama_NPC_Pary_Start	BaseLayer	Assets/Product/Role/DlcAnimation/BigWorld/Common/Npc1FemaleMd00001SG/Npc1FemaleMd00001SG/CommonLayer/Drama_NPC_Pary_Start.anim	Assets/Product/Role/DlcAnimation/BigWorld/Common/Npc1FemaleMd00001SG/Npc1FemaleMd00001SG/CommonLayer/Drama_NPC_Pary_Start.asset
Drama_NPC_WaiterWalk_01_End	BaseLayer	Assets/Product/Role/DlcAnimation/BigWorld/Common/Npc1FemaleMd00001SG/Npc1FemaleMd00001SG/CommonLayer/Drama_NPC_WaiterWalk_01_End.anim	Assets/Product/Role/DlcAnimation/BigWorld/Common/Npc1FemaleMd00001SG/Npc1FemaleMd00001SG/CommonLayer/Drama_NPC_WaiterWalk_01_End.asset
Drama_NPC_WaiterWalk_01_Loop	BaseLayer	Assets/Product/Role/DlcAnimation/BigWorld/Common/Npc1FemaleMd00001SG/Npc1FemaleMd00001SG/CommonLayer/Drama_NPC_WaiterWalk_01_Loop.anim	Assets/Product/Role/DlcAnimation/BigWorld/Common/Npc1FemaleMd00001SG/Npc1FemaleMd00001SG/CommonLayer/Drama_NPC_WaiterWalk_01_Loop.asset
Drama_NPC_WaiterWalk_01_Start	BaseLayer	Assets/Product/Role/DlcAnimation/BigWorld/Common/Npc1FemaleMd00001SG/Npc1FemaleMd00001SG/CommonLayer/Drama_NPC_WaiterWalk_01_Start.anim	Assets/Product/Role/DlcAnimation/BigWorld/Common/Npc1FemaleMd00001SG/Npc1FemaleMd00001SG/CommonLayer/Drama_NPC_WaiterWalk_01_Start.asset
Drama_NPC_Wish_End	BaseLayer	Assets/Product/Role/DlcAnimation/BigWorld/Common/Npc1FemaleMd00001SG/Npc1FemaleMd00001SG/CommonLayer/Drama_NPC_Wish_End.anim	Assets/Product/Role/DlcAnimation/BigWorld/Common/Npc1FemaleMd00001SG/Npc1FemaleMd00001SG/CommonLayer/Drama_NPC_Wish_End.asset
Drama_NPC_Wish_Loop	BaseLayer	Assets/Product/Role/DlcAnimation/BigWorld/Common/Npc1FemaleMd00001SG/Npc1FemaleMd00001SG/CommonLayer/Drama_NPC_Wish_Loop.anim	Assets/Product/Role/DlcAnimation/BigWorld/Common/Npc1FemaleMd00001SG/Npc1FemaleMd00001SG/CommonLayer/Drama_NPC_Wish_Loop.asset
Drama_NPC_Wish_Start	BaseLayer	Assets/Product/Role/DlcAnimation/BigWorld/Common/Npc1FemaleMd00001SG/Npc1FemaleMd00001SG/CommonLayer/Drama_NPC_Wish_Start.anim	Assets/Product/Role/DlcAnimation/BigWorld/Common/Npc1FemaleMd00001SG/Npc1FemaleMd00001SG/CommonLayer/Drama_NPC_Wish_Start.asset
Drama_NPC_WaiterStand_01	BaseLayer	Assets/Product/Role/DlcAnimation/BigWorld/Common/Npc1FemaleMd00001SG/Npc1FemaleMd00001SG/CommonLayer/Drama_NPC_WaiterStand_01.anim	Assets/Product/Role/DlcAnimation/BigWorld/Common/Npc1FemaleMd00001SG/Npc1FemaleMd00001SG/CommonLayer/Drama_NPC_WaiterStand_01.asset
