CueId	Times	Lips
300007858	[0.0, 0.09, 0.17, 0.25, 0.36, 0.7099, 1.1, 1.1399, 1.22, 1.59, 1.6599]	['X', 'B', 'A', 'F', 'B', 'X', 'B', 'A', 'C', 'B', 'X']
300007859	[0.0, 0.15, 0.3799, 0.4499, 0.66, 1.0299, 1.5399]	['X', 'F', 'B', 'F', 'A', 'B', 'X']
300007860	[0.0, 0.17, 0.3899, 0.6, 0.67, 0.8799, 0.9599, 1.47, 2.19, 2.2999, 2.44, 2.5799, 2.69, 3.18]	['X', 'B', 'C', 'E', 'B', 'A', 'B', 'X', 'B', 'G', 'B', 'A', 'B', 'X']
300007861	[0.0, 0.17, 0.4399, 0.5799, 0.66, 0.7799, 0.92, 0.99, 1.1299, 1.21, 1.3999, 1.47, 1.5399, 1.6799, 1.75, 1.82, 2.0299, 2.0999, 2.17, 2.45, 3.38, 3.44, 3.5599, 3.7699, 3.96, 4.03, 4.1599, 4.23, 4.3, 4.7199]	['X', 'B', 'C', 'A', 'E', 'F', 'B', 'G', 'A', 'E', 'B', 'E', 'B', 'H', 'C', 'B', 'C', 'E', 'B', 'X', 'B', 'E', 'B', 'A', 'F', 'B', 'E', 'F', 'E', 'X']
300007862	[0.0, 0.1599, 0.27, 0.34, 0.6899, 1.61, 1.7699, 2.1199, 2.21, 2.75, 2.89, 3.15, 3.2, 3.38, 3.66, 3.7999]	['X', 'B', 'G', 'B', 'X', 'C', 'A', 'B', 'X', 'B', 'F', 'E', 'C', 'D', 'B', 'X']
300007863	[0.0, 0.18, 0.3899, 0.74, 0.86, 0.99, 1.4299, 1.5, 1.5599, 1.7699, 1.85, 1.97, 1.99, 2.0599, 2.13, 2.3599, 2.43, 2.5, 2.5699, 2.71, 2.88, 3.14, 3.3499, 3.5099, 3.5799, 3.65, 3.7899, 4.28]	['X', 'C', 'B', 'G', 'B', 'X', 'B', 'C', 'B', 'A', 'E', 'A', 'C', 'A', 'C', 'B', 'H', 'C', 'E', 'B', 'E', 'F', 'A', 'B', 'E', 'G', 'B', 'X']
300007864	[0.0, 0.17, 0.25, 0.46, 0.5299, 0.6, 0.74, 0.81, 0.8899, 1.3899, 1.6, 2.0, 2.0399, 2.15, 2.3599, 2.71, 3.48, 3.5399, 3.5999, 3.67, 3.8299, 3.96, 4.2399, 4.32, 4.3899, 4.5999, 4.96, 5.13, 5.1999, 5.2699, 5.69, 5.9, 5.9699, 6.11]	['X', 'B', 'E', 'G', 'F', 'B', 'E', 'A', 'F', 'B', 'X', 'B', 'G', 'C', 'B', 'X', 'B', 'G', 'F', 'A', 'B', 'F', 'A', 'B', 'E', 'X', 'B', 'C', 'H', 'B', 'E', 'F', 'B', 'X']
300007865	[0.0, 0.17, 0.2599, 0.4, 0.4699, 0.75, 0.8199, 0.9599, 1.49, 1.5399, 1.59, 1.73, 1.7999, 1.87, 1.94, 2.0099, 2.2899, 2.89, 2.99, 3.0299, 3.1099, 3.2, 3.24, 3.3199, 3.42, 3.49, 3.5599, 3.63, 3.7, 3.98, 4.0599, 4.1399, 4.2199, 4.3699, 4.51, 4.65]	['X', 'B', 'E', 'C', 'B', 'D', 'B', 'X', 'B', 'E', 'F', 'C', 'F', 'B', 'E', 'B', 'X', 'D', 'C', 'A', 'D', 'C', 'A', 'C', 'E', 'F', 'B', 'E', 'B', 'A', 'B', 'A', 'E', 'F', 'C', 'X']
300007866	[0.0, 0.17, 0.37, 0.5099, 0.6499, 0.81, 0.93, 1.1699, 1.25, 1.5299, 1.99, 2.0699, 2.3199, 2.39, 2.46, 2.67, 2.89, 2.95, 3.0099, 3.0799, 3.15, 3.22, 3.3599, 3.71, 3.7899, 3.94, 4.0799, 4.15, 4.23, 4.44]	['X', 'F', 'B', 'E', 'A', 'B', 'X', 'B', 'C', 'B', 'A', 'F', 'B', 'E', 'B', 'X', 'B', 'F', 'G', 'C', 'B', 'C', 'B', 'A', 'F', 'D', 'C', 'A', 'B', 'X']
300007867	[0.0, 0.17, 0.23, 0.2899, 0.5, 0.6399, 0.7799, 0.85, 1.0599, 1.48, 1.5499, 1.62, 1.8999, 1.97, 2.16, 2.5, 2.8399, 3.6199, 3.69, 3.7599, 4.15, 4.2899, 4.4299, 4.6399, 4.78, 4.92, 5.0599, 5.1999, 5.6199]	['X', 'B', 'E', 'D', 'C', 'B', 'C', 'B', 'F', 'E', 'F', 'B', 'C', 'A', 'B', 'X', 'B', 'F', 'B', 'X', 'F', 'C', 'F', 'B', 'C', 'E', 'C', 'B', 'X']
300007868	[0.0, 0.1599, 0.2199, 0.3499, 0.4199, 0.56, 1.0499, 1.32, 1.3899, 1.46, 1.57, 1.7799, 1.86, 2.5499, 2.97]	['X', 'B', 'C', 'B', 'C', 'F', 'X', 'B', 'A', 'F', 'C', 'A', 'F', 'B', 'X']
300007869	[0.0, 0.17, 0.2099, 0.3199, 0.6, 0.67, 0.74, 0.81, 1.58, 1.74, 1.85, 1.9299, 2.0299, 2.2799, 2.3499, 2.43, 2.89, 2.96, 3.0299, 3.0999, 3.17, 3.24, 3.3099, 3.5899, 3.66, 3.8699, 3.94, 4.01, 4.0799, 4.15, 4.2199, 4.63, 4.6799, 4.94, 5.0199, 5.11, 5.1799, 5.32, 5.67, 5.7399, 5.8099, 5.88]	['X', 'B', 'C', 'B', 'C', 'E', 'B', 'X', 'F', 'A', 'B', 'A', 'B', 'C', 'A', 'B', 'F', 'B', 'C', 'F', 'B', 'C', 'B', 'F', 'B', 'C', 'E', 'H', 'D', 'B', 'X', 'B', 'C', 'A', 'F', 'B', 'D', 'B', 'D', 'G', 'B', 'X']
300007870	[0.0, 0.18, 0.3899, 0.46, 0.54, 0.67, 0.74, 0.8799, 1.0199, 1.09, 1.23, 1.6599, 1.97, 1.99, 2.0499, 2.1099, 2.3199, 2.39, 2.5299, 2.5999, 2.67, 2.74, 2.88, 3.0899, 3.23, 3.3699, 3.45, 3.8499, 3.99, 4.0599, 4.13, 4.1999, 4.2699, 4.3499, 4.5999, 4.7399, 5.09, 5.1799, 5.4499, 5.6399, 5.7199, 5.92, 5.9899, 6.34, 6.42, 6.51, 6.5799, 6.65, 6.7899, 6.9299, 7.0, 7.3699, 7.42, 7.6799, 7.75, 7.82, 7.8899, 8.17, 8.4499, 8.52, 8.6, 8.71, 8.85, 9.06, 9.13]	['X', 'F', 'B', 'A', 'E', 'B', 'E', 'F', 'C', 'B', 'A', 'C', 'A', 'F', 'A', 'F', 'B', 'E', 'C', 'E', 'B', 'C', 'B', 'H', 'D', 'C', 'X', 'C', 'F', 'B', 'C', 'D', 'A', 'F', 'E', 'C', 'A', 'B', 'C', 'A', 'F', 'B', 'F', 'A', 'C', 'B', 'C', 'E', 'C', 'E', 'X', 'B', 'F', 'E', 'B', 'E', 'B', 'F', 'E', 'A', 'F', 'E', 'F', 'B', 'X']
300007871	[0.0, 0.17, 0.2099, 0.25, 0.3199, 0.46, 0.5299, 0.67, 0.81, 1.0199, 1.1599, 1.2999, 1.37, 1.44, 1.5099, 1.58, 1.6499, 1.73, 1.9099, 1.98, 2.0599, 2.8599, 3.0799, 3.16, 3.2, 3.38, 3.4, 3.48, 3.5599, 3.6199, 3.68, 3.89, 3.96, 4.03, 4.5199, 4.59, 4.73, 5.1399, 5.21, 5.28, 5.36, 5.42, 5.61, 5.6799, 5.75, 5.8299, 5.96, 6.03, 6.3099, 6.4499, 6.53, 6.5799, 6.7699, 6.98]	['X', 'B', 'G', 'C', 'E', 'F', 'H', 'D', 'B', 'E', 'F', 'C', 'E', 'B', 'C', 'E', 'A', 'C', 'B', 'A', 'X', 'B', 'A', 'C', 'B', 'A', 'C', 'A', 'C', 'B', 'E', 'F', 'E', 'C', 'E', 'B', 'X', 'B', 'C', 'A', 'F', 'C', 'B', 'C', 'A', 'C', 'B', 'F', 'B', 'A', 'C', 'B', 'F', 'X']
300007872	[0.0, 0.18, 0.23, 0.28, 0.3499, 0.43, 0.4799, 0.74, 0.8799, 0.9499, 1.0199, 1.09, 1.1599, 1.23, 1.3099, 1.49, 1.6299, 1.7699, 2.0499, 2.1199, 2.19, 2.2599, 2.3299, 2.6099, 2.75, 3.14, 3.2, 3.25, 3.3199, 3.39, 3.46, 3.5999, 3.8099, 3.89, 4.0799, 4.2199, 4.36, 4.8699, 4.98, 5.0599, 5.1199, 5.4499, 5.73, 5.8, 5.8699, 5.94, 6.01, 6.0799]	['X', 'B', 'E', 'F', 'A', 'B', 'C', 'B', 'C', 'B', 'D', 'H', 'D', 'A', 'C', 'B', 'C', 'B', 'C', 'B', 'G', 'B', 'E', 'B', 'X', 'B', 'C', 'B', 'C', 'E', 'F', 'B', 'A', 'E', 'D', 'B', 'X', 'B', 'A', 'B', 'C', 'D', 'H', 'C', 'B', 'G', 'B', 'X']
300007873	[0.0, 0.1599, 0.4399, 0.5099, 0.79, 1.07, 1.1699, 1.2999, 1.37, 1.5299, 1.58, 1.84, 1.9099, 2.0499, 2.3299, 2.4, 2.47, 2.5499, 2.6099, 2.66, 3.0099, 3.44, 3.5699, 3.71, 4.1999, 4.2699, 4.57, 4.6199, 4.8099, 4.8899, 5.01, 5.0799, 5.2199, 5.2899, 5.36, 5.44, 5.51, 5.59, 5.6399, 5.8, 5.84, 6.03, 6.11, 6.4699, 6.55, 6.6399]	['X', 'B', 'C', 'B', 'C', 'A', 'B', 'C', 'X', 'B', 'F', 'B', 'E', 'B', 'F', 'C', 'A', 'F', 'G', 'C', 'X', 'B', 'G', 'F', 'C', 'X', 'B', 'C', 'A', 'E', 'F', 'B', 'H', 'B', 'A', 'E', 'A', 'E', 'F', 'E', 'C', 'A', 'B', 'A', 'B', 'X']
300007874	[0.0, 0.18, 0.25, 0.3899, 0.46, 0.5299, 0.6, 0.67, 0.74, 0.8799, 1.0199, 1.6399, 1.82, 1.9199, 1.96, 2.0399, 2.0999, 2.16, 2.24, 2.5099, 2.5799, 2.91, 3.0999, 3.73, 3.8699, 3.93, 3.99, 4.07, 4.25, 4.3899, 4.53, 4.5999]	['X', 'B', 'C', 'E', 'H', 'C', 'B', 'F', 'D', 'B', 'X', 'B', 'D', 'C', 'A', 'E', 'F', 'A', 'E', 'C', 'B', 'E', 'B', 'C', 'A', 'D', 'A', 'E', 'B', 'C', 'E', 'X']
300007875	[0.0, 0.17, 0.25, 0.3199, 0.5299, 0.67, 0.6899, 0.7699, 0.85, 1.07, 1.1399, 1.21, 1.2899, 1.5, 1.71, 1.9199, 2.2, 2.5399, 2.6199, 2.7599, 2.8299, 2.9, 2.98, 3.1099, 3.25, 3.39, 3.46, 3.5399, 4.26, 4.36, 4.4299, 4.57, 4.6399, 4.71, 4.78, 4.8499, 4.9299, 5.0, 5.0599, 5.1399, 5.4099, 5.55, 5.6199, 5.69]	['X', 'B', 'C', 'F', 'E', 'A', 'B', 'A', 'C', 'B', 'C', 'A', 'E', 'F', 'B', 'D', 'C', 'B', 'C', 'H', 'C', 'A', 'C', 'B', 'D', 'C', 'A', 'X', 'B', 'F', 'E', 'B', 'E', 'F', 'B', 'A', 'C', 'B', 'A', 'B', 'C', 'H', 'B', 'X']
300007876	[0.0, 0.17, 0.23, 0.4699, 0.5299, 0.7799, 0.92, 0.99, 1.0599, 1.1599, 1.2999, 1.58, 1.6499, 1.72, 1.7899, 1.86, 1.9299, 2.0699, 2.14, 2.2799, 2.43, 2.47, 2.8699, 3.0099, 3.22, 3.7999, 4.0399, 4.11, 4.1799, 4.26, 4.36, 4.4, 4.4699, 4.5399, 4.6199, 4.67, 4.7899, 4.9299, 5.07, 5.21, 5.28, 5.3499, 5.4299, 5.59, 5.73, 6.1599, 6.2199, 6.5599, 6.63, 6.6999, 6.84, 6.94, 6.98, 7.0599, 7.28, 7.42, 7.4899, 7.5599, 7.63, 7.6999, 7.84, 7.98]	['X', 'B', 'D', 'C', 'B', 'C', 'B', 'E', 'A', 'D', 'B', 'C', 'E', 'B', 'C', 'B', 'D', 'C', 'A', 'D', 'C', 'B', 'C', 'B', 'X', 'B', 'C', 'E', 'A', 'D', 'C', 'G', 'C', 'A', 'C', 'B', 'E', 'B', 'E', 'B', 'C', 'A', 'D', 'B', 'X', 'B', 'F', 'B', 'D', 'B', 'D', 'C', 'A', 'E', 'G', 'E', 'H', 'C', 'G', 'H', 'D', 'X']
300007877	[0.0, 0.17, 0.2399, 0.66, 0.73, 0.8, 0.87, 1.08, 1.1499, 1.36, 1.57, 1.6399, 1.74, 2.0199, 2.0899, 2.23, 2.3699, 2.5099, 3.18, 3.48, 3.6199, 3.8099, 3.8599, 4.32, 4.46, 4.67, 4.8099, 5.0199, 5.09, 5.1599, 5.5799, 5.6799, 5.7399, 5.7899, 5.9899, 6.6399, 6.9499, 7.01, 7.1399, 7.3499, 7.5599, 7.63, 7.6999, 7.84, 7.98]	['X', 'B', 'F', 'B', 'G', 'C', 'D', 'B', 'D', 'C', 'D', 'A', 'E', 'F', 'B', 'C', 'G', 'B', 'D', 'B', 'D', 'C', 'B', 'D', 'F', 'B', 'F', 'B', 'C', 'B', 'A', 'B', 'A', 'C', 'B', 'X', 'B', 'G', 'F', 'B', 'C', 'B', 'D', 'B', 'X']
300007878	[0.0, 0.17, 0.2399, 0.5899, 0.66, 0.8, 1.0299, 1.09, 1.71, 1.7799, 1.86, 1.96, 2.0299, 2.0999, 2.17, 2.25, 2.3399, 2.42, 2.64, 2.71, 2.8499, 2.92, 3.13, 3.3399, 3.41, 3.7599, 4.25, 4.9499, 5.0, 5.0399, 5.11, 5.1799, 5.26, 5.38, 5.4499, 5.5199, 5.94, 6.01, 6.2899, 6.57, 6.6399, 7.0599, 7.1999, 7.2699, 7.48, 7.5599, 7.88, 7.98, 8.1499, 8.3299, 8.38, 8.4899, 8.84, 8.92, 9.02, 9.1599, 9.3699, 9.4399, 9.72, 9.7899, 9.8699, 10.1099, 10.18, 10.25, 10.3199, 10.5299, 10.6, 10.68, 10.7899, 10.8599, 11.0, 11.0699, 11.14, 11.2799, 11.35, 11.4899, 12.05, 12.1199, 12.1899, 12.26, 12.3299, 12.89]	['X', 'E', 'F', 'C', 'B', 'X', 'B', 'C', 'B', 'A', 'F', 'E', 'B', 'F', 'A', 'D', 'A', 'F', 'B', 'C', 'B', 'F', 'E', 'G', 'F', 'B', 'X', 'B', 'E', 'B', 'E', 'A', 'D', 'C', 'E', 'B', 'G', 'B', 'E', 'B', 'F', 'B', 'F', 'B', 'A', 'B', 'A', 'C', 'A', 'B', 'D', 'B', 'A', 'E', 'F', 'B', 'G', 'B', 'E', 'A', 'D', 'C', 'B', 'G', 'B', 'C', 'A', 'B', 'C', 'B', 'E', 'F', 'B', 'F', 'E', 'B', 'C', 'B', 'G', 'C', 'B', 'X']
300007879	[0.0, 0.17, 0.2199, 0.33, 0.4099, 0.8, 0.9399, 1.1499, 1.2899, 1.4299, 1.57, 1.6399, 1.85, 1.99, 2.0699, 2.3399, 2.98, 3.3399, 3.6199, 3.69, 3.8299, 4.25, 4.3899, 4.4699, 4.8299, 4.9699, 5.46, 5.5999, 5.67, 5.7399, 5.8099, 5.88, 5.9499, 6.0199, 6.1599, 6.51, 6.7199, 6.7899, 7.1399, 7.38, 8.3599, 8.7899, 8.8599, 9.0, 9.0699, 9.21, 9.35, 10.05, 10.1199, 10.47, 10.6099, 10.75, 11.0299, 11.1, 11.1999, 11.2399, 11.3199, 11.47, 11.89, 12.1099, 12.2799, 12.67, 12.97, 13.1099, 13.18, 13.3199, 13.39, 13.4899, 13.5299, 13.6099, 13.6899, 13.77, 14.09, 14.2299, 14.3, 14.72, 14.93, 15.0, 15.2799]	['X', 'B', 'E', 'A', 'F', 'B', 'E', 'F', 'C', 'B', 'G', 'F', 'B', 'A', 'B', 'X', 'F', 'E', 'B', 'C', 'B', 'F', 'A', 'B', 'G', 'F', 'B', 'C', 'G', 'E', 'B', 'G', 'C', 'B', 'C', 'B', 'F', 'C', 'X', 'B', 'X', 'B', 'F', 'B', 'E', 'F', 'B', 'F', 'B', 'G', 'B', 'F', 'C', 'D', 'C', 'A', 'C', 'B', 'C', 'B', 'X', 'B', 'A', 'B', 'C', 'B', 'D', 'C', 'A', 'E', 'A', 'F', 'B', 'C', 'B', 'F', 'G', 'B', 'X']
300007880	[0.0, 0.17, 0.3, 0.6499, 0.86, 1.3999, 1.47, 2.0999, 2.24, 2.3099, 2.38, 2.46, 2.8399, 3.14, 3.5799, 3.68, 3.8099, 3.8699, 3.94, 4.0799, 4.15, 4.3299, 5.36, 5.4899, 5.5599, 5.6199, 5.6999, 5.78, 5.92, 6.0, 6.5, 6.5799, 6.8899, 7.05, 7.1199, 7.3299, 7.9, 7.96, 8.09, 8.5799, 8.6499, 8.72, 8.93, 9.21, 9.3299, 9.43, 9.5, 9.5699, 10.39, 10.4499, 10.51, 10.5799, 10.7899, 10.8599, 10.93, 11.2799, 11.35, 11.55, 11.63, 11.71, 11.97, 12.1099, 12.1899, 12.46, 12.6, 12.67]	['X', 'B', 'G', 'E', 'X', 'B', 'G', 'F', 'G', 'E', 'A', 'E', 'C', 'B', 'A', 'F', 'E', 'H', 'C', 'B', 'X', 'B', 'X', 'B', 'A', 'E', 'A', 'E', 'A', 'D', 'C', 'B', 'X', 'B', 'C', 'X', 'B', 'C', 'B', 'E', 'C', 'B', 'C', 'X', 'B', 'G', 'B', 'X', 'B', 'E', 'F', 'B', 'G', 'D', 'C', 'B', 'X', 'B', 'A', 'C', 'E', 'A', 'B', 'C', 'B', 'X']
300007881	[0.0, 0.17, 0.31, 0.3799, 0.5899, 0.66, 0.74, 1.0, 1.1399, 1.35, 1.49, 2.19, 2.2599, 2.47, 2.5399, 2.68, 2.7599, 2.8599, 2.94, 3.0599, 3.13, 3.2, 3.2699, 3.3499, 3.5699, 3.64, 4.0599, 4.13, 4.1999, 4.36, 4.42, 4.55, 4.6199, 4.8299, 5.11, 5.1799, 5.26, 5.6399, 5.7199, 5.88, 5.92, 6.1799, 6.32, 6.59, 6.8699, 6.94]	['X', 'B', 'C', 'B', 'C', 'A', 'B', 'E', 'F', 'X', 'B', 'C', 'E', 'F', 'B', 'A', 'B', 'A', 'E', 'F', 'B', 'E', 'A', 'C', 'B', 'F', 'B', 'G', 'A', 'B', 'G', 'E', 'C', 'B', 'D', 'A', 'B', 'A', 'D', 'C', 'B', 'A', 'B', 'E', 'B', 'X']
300007882	[0.0, 0.17, 0.33, 0.4, 0.8899, 1.3099, 1.3799, 1.58, 1.6599, 1.86, 2.0699, 2.5099, 2.71, 2.7799, 2.89, 2.98, 3.1099, 3.2599, 3.3299, 3.46, 4.03, 4.5799, 4.6199, 4.6999, 5.19, 5.26, 5.4, 5.5399, 5.82, 6.03, 6.0999, 6.2399, 6.32, 6.48, 6.76]	['X', 'B', 'G', 'B', 'F', 'E', 'D', 'C', 'A', 'G', 'A', 'G', 'B', 'A', 'B', 'A', 'B', 'C', 'A', 'B', 'X', 'B', 'A', 'F', 'D', 'B', 'E', 'C', 'B', 'G', 'E', 'A', 'E', 'B', 'X']
300007883	[0.0, 0.17, 0.4399, 0.5099, 0.5899, 1.07, 1.1799, 1.2999, 1.37, 2.49, 2.7599, 2.8299, 2.97, 3.0399, 3.18, 3.3199, 3.43, 3.5199, 3.5899, 4.6399, 4.71, 5.2699, 5.34, 5.76, 5.88, 5.9499, 6.15, 6.26, 6.3299, 6.5399, 6.61, 7.17, 7.4499, 7.7199, 7.7699, 8.1599, 8.2299, 8.3, 8.3699, 8.51, 8.5799, 8.6499, 8.7899, 8.8599, 8.93, 9.42, 9.4899, 9.63, 9.6999, 9.77, 9.97, 10.05, 10.4099, 10.6999, 11.1199, 11.22, 11.26, 11.34, 11.3999, 11.67, 12.3, 12.4399, 12.5799, 12.6499, 12.7799, 12.89, 12.96, 13.31, 13.38, 13.4499, 13.7299]	['X', 'C', 'B', 'A', 'B', 'A', 'B', 'E', 'B', 'F', 'B', 'G', 'F', 'C', 'B', 'A', 'B', 'F', 'B', 'G', 'B', 'D', 'B', 'A', 'B', 'F', 'A', 'E', 'B', 'G', 'B', 'F', 'A', 'C', 'B', 'C', 'E', 'B', 'C', 'B', 'G', 'F', 'B', 'G', 'B', 'G', 'E', 'F', 'E', 'D', 'C', 'A', 'C', 'B', 'D', 'C', 'A', 'B', 'F', 'B', 'F', 'D', 'C', 'A', 'E', 'F', 'E', 'H', 'F', 'B', 'X']
300007884	[0.0, 0.1599, 0.3199, 0.46, 0.5299, 0.61, 0.81, 0.9499, 1.2, 1.4099, 1.7599, 1.84, 1.96, 2.24, 2.5199, 3.0699, 3.3199, 3.4, 3.68, 3.75, 3.8299, 3.95, 4.0199, 4.09, 4.23, 5.21, 5.3499, 5.4899, 5.63, 5.6999, 5.98]	['X', 'B', 'G', 'B', 'A', 'B', 'A', 'G', 'F', 'B', 'A', 'B', 'F', 'B', 'X', 'B', 'A', 'E', 'F', 'A', 'E', 'C', 'E', 'F', 'B', 'E', 'F', 'B', 'D', 'B', 'X']
300007885	[0.0, 0.1099, 0.18, 0.25, 0.4199, 0.49, 0.6299, 0.7699, 0.98, 1.0599, 1.4299, 1.57, 1.8099, 1.97, 2.25, 2.39]	['X', 'B', 'A', 'C', 'F', 'B', 'G', 'F', 'A', 'F', 'B', 'X', 'B', 'F', 'B', 'X']
300007886	[0.0, 0.17, 0.3199, 0.6, 1.23, 2.18, 2.22, 2.47, 2.6099, 2.8199, 2.89, 3.0299, 3.24, 3.72, 4.07, 4.5599, 4.63, 4.84, 4.9099, 4.98, 5.0599, 5.34, 5.48, 5.55, 5.63, 5.73, 6.0799, 6.4299, 6.6399]	['X', 'B', 'F', 'B', 'X', 'B', 'F', 'B', 'F', 'B', 'E', 'F', 'B', 'C', 'B', 'G', 'B', 'G', 'F', 'A', 'F', 'G', 'F', 'A', 'D', 'B', 'E', 'F', 'X']
300007887	[0.0, 0.17, 0.67, 0.74, 0.81, 0.9499, 1.0199, 1.23, 1.58, 1.6599, 1.8999, 1.97, 2.0399, 2.21, 2.41, 3.18, 3.3199, 3.39, 3.8099, 4.0199, 4.3299, 4.5399, 4.8299, 4.9299, 4.9699, 5.0399, 5.1199, 5.19, 5.8899, 6.17, 6.38, 6.4499, 6.53, 6.5999, 6.73, 6.8, 6.8699, 6.94, 7.0799, 7.15, 7.36, 7.44, 8.3599, 8.43, 8.64, 8.72, 8.7899, 8.85, 8.93, 9.02, 9.2299]	['X', 'B', 'G', 'E', 'B', 'E', 'F', 'B', 'A', 'D', 'C', 'B', 'A', 'E', 'B', 'G', 'F', 'B', 'X', 'B', 'X', 'B', 'D', 'C', 'G', 'A', 'F', 'B', 'C', 'B', 'F', 'A', 'B', 'E', 'C', 'B', 'C', 'B', 'D', 'E', 'A', 'B', 'F', 'B', 'A', 'H', 'C', 'A', 'D', 'B', 'X']
300007888	[0.0, 0.17, 0.4399, 0.5099, 0.93, 1.1599, 1.23, 1.6499, 1.84, 2.49, 2.89, 2.99, 3.13, 3.3399, 3.49, 3.5699, 3.65, 3.73, 3.8099, 3.89, 3.98, 4.1199, 4.19, 4.2899, 4.3899, 4.6799, 4.86, 4.9299, 5.07, 5.1399, 5.28, 5.4899, 5.98, 6.1199, 6.17, 6.28, 6.3499, 6.4899, 6.5799, 6.9699, 7.3899, 7.4499, 7.65, 7.7199, 7.7899, 7.9899]	['X', 'B', 'C', 'B', 'F', 'B', 'E', 'A', 'B', 'E', 'A', 'G', 'E', 'F', 'A', 'E', 'A', 'D', 'A', 'B', 'G', 'B', 'A', 'B', 'X', 'B', 'C', 'B', 'E', 'B', 'C', 'B', 'A', 'C', 'B', 'E', 'B', 'A', 'B', 'X', 'B', 'C', 'B', 'F', 'A', 'X']
300007889	[0.0, 0.17, 0.34, 0.55, 0.62, 0.8299, 0.98, 1.24, 1.3799, 1.45, 1.5199, 1.59, 1.6599, 1.73, 2.49, 2.65, 2.72, 2.7899, 2.8599, 3.1099, 3.2599, 3.5199, 3.74, 3.88, 3.95, 4.0199, 4.0999, 4.1599, 4.2199, 4.36, 4.57]	['X', 'B', 'E', 'F', 'B', 'A', 'G', 'C', 'B', 'F', 'H', 'C', 'B', 'X', 'B', 'F', 'E', 'C', 'A', 'B', 'X', 'B', 'F', 'C', 'B', 'A', 'E', 'B', 'D', 'C', 'X']
300007890	[0.0, 0.17, 0.68, 1.0299, 1.3099, 1.3799, 1.59, 1.6599, 2.0099, 2.0799, 2.2899, 2.41, 2.67, 2.98, 3.1199, 3.2599, 3.4, 3.5099, 3.5599, 3.8099, 4.1399, 4.8099, 5.01, 5.07, 5.19, 5.6799, 6.03, 6.0999, 6.1799, 6.3299, 6.5399, 6.6199, 6.73, 6.8699, 7.01]	['X', 'B', 'F', 'D', 'H', 'B', 'G', 'E', 'C', 'B', 'A', 'B', 'X', 'B', 'G', 'B', 'A', 'C', 'B', 'X', 'B', 'X', 'B', 'E', 'B', 'G', 'F', 'A', 'B', 'G', 'A', 'G', 'F', 'B', 'X']
300007891	[0.0, 0.17, 0.2199, 0.34, 0.4799, 0.6899, 1.0399]	['X', 'B', 'F', 'G', 'F', 'B', 'X']
300007892	[0.0, 0.1, 0.2199, 0.36, 0.4799, 0.6999, 0.7699, 0.91, 1.0099, 1.0499, 1.1599, 1.32, 1.7, 1.7599, 1.95, 2.0199, 2.0899, 2.48, 2.7699, 2.8399, 3.2599, 3.3299, 3.47, 3.75, 3.93, 4.0599, 4.1999, 4.26, 4.32, 4.67, 4.8099, 4.88, 5.23]	['X', 'B', 'C', 'A', 'D', 'B', 'C', 'D', 'C', 'A', 'B', 'X', 'B', 'C', 'G', 'B', 'X', 'B', 'E', 'F', 'B', 'D', 'E', 'H', 'B', 'X', 'B', 'C', 'B', 'C', 'F', 'B', 'X']
300007893	[0.0, 0.17, 0.27, 0.34, 0.4799, 0.6899, 0.7599, 0.8299, 1.3999, 1.6399, 1.9199, 1.99, 2.0599]	['X', 'B', 'F', 'B', 'C', 'G', 'B', 'X', 'F', 'E', 'G', 'B', 'X']
300007894	[0.0, 0.1, 0.3899, 0.4499, 1.21, 1.2799, 1.4199, 1.6299, 1.7, 1.7699, 1.85, 2.0099, 2.22, 2.3599, 2.5, 2.64, 2.72, 2.8599, 3.4, 3.5, 3.5699, 3.64, 3.71, 3.99, 4.0599, 4.1399, 4.25, 4.46, 4.5599, 4.5999, 4.6799, 4.7399, 5.15]	['X', 'B', 'X', 'B', 'G', 'C', 'B', 'G', 'F', 'A', 'B', 'F', 'B', 'F', 'C', 'A', 'C', 'X', 'B', 'C', 'B', 'E', 'B', 'C', 'A', 'C', 'F', 'D', 'C', 'A', 'C', 'B', 'X']
300007895	[0.0, 0.1599, 0.23, 0.36, 0.5, 0.6399, 0.7099, 0.7799, 0.85, 0.92, 1.0599, 1.59, 1.6399, 1.69, 1.8799, 1.9299, 2.18, 2.25, 2.6099, 2.67, 2.73, 2.7999, 2.88, 3.0499, 3.1199, 3.2599, 3.3299]	['X', 'B', 'G', 'B', 'D', 'B', 'C', 'B', 'F', 'B', 'X', 'B', 'E', 'F', 'E', 'C', 'B', 'X', 'B', 'C', 'F', 'A', 'C', 'B', 'D', 'B', 'X']
300007896	[0.0, 0.1599, 0.23, 0.3, 0.3799, 0.5099, 0.5799, 0.6499, 0.72, 0.79, 0.86, 0.93, 1.07, 1.21, 1.7799, 1.83, 1.87, 1.94, 2.0799, 2.3599, 2.44, 2.5099, 2.5699, 2.65, 2.8399, 2.91, 2.99, 3.2599, 3.4, 3.47, 3.93, 4.01, 4.11, 4.1799, 4.3899, 4.53, 5.17, 5.2199, 5.3, 5.3699, 5.4299, 5.57, 5.65, 5.75, 5.8899, 5.96, 6.0999, 6.1799, 6.46, 6.5399, 6.8299]	['X', 'B', 'C', 'A', 'B', 'G', 'F', 'B', 'E', 'B', 'E', 'C', 'B', 'X', 'B', 'E', 'F', 'E', 'F', 'A', 'B', 'F', 'A', 'E', 'B', 'A', 'B', 'E', 'B', 'X', 'A', 'D', 'B', 'C', 'D', 'B', 'C', 'A', 'B', 'C', 'F', 'A', 'E', 'B', 'D', 'B', 'A', 'B', 'A', 'B', 'X']
300007897	[0.0, 0.1299, 0.2199, 0.43, 0.5, 0.92]	['X', 'F', 'E', 'C', 'B', 'X']
300007898	[0.0, 0.17, 0.2199, 0.33, 1.3799, 2.0399, 2.0999, 2.22, 2.2899, 2.3699, 3.3599, 3.43, 3.5199, 4.05, 4.11, 4.17, 5.2199, 5.36]	['X', 'B', 'F', 'B', 'X', 'B', 'E', 'F', 'A', 'B', 'F', 'A', 'X', 'B', 'F', 'C', 'B', 'X']
300007899	[0.0, 0.17, 0.23, 0.36, 0.5699, 0.6499, 0.7799, 0.85, 1.0599, 1.2, 1.2699, 1.34, 1.48, 1.83, 2.25, 2.46, 2.5699, 2.96, 3.0699, 3.3499, 4.4699, 4.61]	['X', 'B', 'D', 'B', 'A', 'F', 'E', 'F', 'B', 'F', 'G', 'C', 'B', 'D', 'E', 'A', 'X', 'B', 'H', 'B', 'C', 'X']
300007900	[0.0, 0.1599, 0.4, 0.68, 0.8199, 0.97, 1.24, 1.3099, 1.3899, 1.47, 1.57, 1.62, 1.6599, 1.73, 2.15, 2.22]	['X', 'F', 'B', 'C', 'B', 'F', 'B', 'A', 'B', 'A', 'F', 'B', 'G', 'F', 'G', 'X']
300007901	[0.0, 0.18, 0.3199, 0.46, 0.5299, 0.81, 1.23, 1.2999, 1.3799, 1.47, 1.5099, 1.6299, 1.8999, 2.21, 2.46, 2.5499, 2.6199, 2.68, 2.8199, 2.9, 2.99, 3.0699, 3.15, 3.3599, 3.44, 3.5499, 3.69, 3.8299, 3.9, 4.0399, 4.32, 4.53, 4.5999, 4.6599, 4.8, 4.94, 5.0399, 5.3699, 5.4499, 5.5399, 5.61, 5.96]	['X', 'F', 'E', 'C', 'F', 'B', 'C', 'A', 'D', 'C', 'A', 'C', 'X', 'B', 'A', 'F', 'B', 'E', 'A', 'B', 'A', 'D', 'F', 'A', 'E', 'C', 'D', 'F', 'B', 'C', 'X', 'B', 'C', 'F', 'B', 'A', 'F', 'A', 'B', 'F', 'B', 'X']
300007902	[0.0]	['X']
300007903	[0.0, 0.17, 0.2399, 0.3799, 0.4499, 0.73, 1.0099, 1.86, 2.0699, 2.14, 2.2799, 2.3599, 2.48, 2.5499, 2.6199, 2.7599, 2.9, 2.97, 3.0399, 3.1099, 3.18, 3.25, 3.39, 3.46, 3.5399, 3.5599, 3.64, 3.72, 4.0599]	['X', 'B', 'E', 'G', 'F', 'B', 'X', 'B', 'C', 'B', 'A', 'E', 'B', 'F', 'C', 'F', 'B', 'F', 'B', 'G', 'F', 'C', 'E', 'G', 'A', 'B', 'A', 'B', 'X']
300007904	[0.0, 0.17, 0.3799, 0.4499, 0.5899, 0.67, 0.73, 0.7799, 0.92, 0.99, 1.0599, 1.1299, 1.21, 1.35, 1.4199, 1.5, 1.6799, 1.73, 2.0499, 2.1199, 2.2, 2.3599, 2.44, 2.5199, 2.66, 2.97, 3.67, 3.71, 3.7899, 3.93, 4.01, 4.19, 4.26, 4.34, 4.53, 4.7399, 4.9499, 5.3, 5.44, 5.5799]	['X', 'E', 'G', 'F', 'A', 'F', 'B', 'E', 'G', 'E', 'F', 'A', 'D', 'C', 'A', 'D', 'C', 'B', 'F', 'A', 'E', 'A', 'F', 'B', 'A', 'X', 'E', 'A', 'F', 'A', 'D', 'B', 'A', 'F', 'B', 'F', 'B', 'E', 'F', 'X']
300007905	[0.0, 0.1599, 0.2099, 0.2599, 0.4, 0.54, 0.61, 0.75, 0.8199, 0.9599, 1.2, 1.85, 2.47, 2.7999, 2.91, 2.98, 3.94, 4.4299, 4.71, 4.86, 4.9699, 5.11, 5.1799, 5.7399, 5.9499, 6.23]	['X', 'B', 'G', 'C', 'B', 'G', 'B', 'C', 'B', 'X', 'B', 'X', 'B', 'A', 'F', 'B', 'F', 'B', 'X', 'B', 'D', 'C', 'B', 'H', 'B', 'X']
300007906	[0.0]	['X']
300007907	[0.0, 0.15, 0.2, 0.2399, 0.31, 0.3799, 0.4499, 0.5199, 0.5899, 0.66, 1.44, 1.49, 1.5299, 1.6, 1.6799, 1.72, 1.8999, 2.0399, 2.25, 2.39, 2.46, 2.5299, 2.8099, 3.47, 3.5199, 3.5599, 3.63, 3.8399, 3.93, 3.99, 4.1199, 4.26, 4.3299, 4.4699, 4.61, 4.75, 4.82, 5.38]	['X', 'B', 'E', 'F', 'B', 'C', 'B', 'C', 'B', 'X', 'B', 'E', 'F', 'A', 'C', 'F', 'B', 'F', 'G', 'F', 'B', 'H', 'X', 'B', 'E', 'B', 'E', 'A', 'G', 'C', 'F', 'B', 'C', 'B', 'F', 'G', 'B', 'X']
300007908	[0.0, 0.17, 0.36, 0.43, 0.7799, 0.85, 0.99, 1.23, 1.2799, 1.32, 1.3899, 1.46, 1.5299, 1.6699, 1.95, 2.0899, 2.17, 2.21, 2.2899, 2.3699, 2.43, 2.6199, 2.72, 2.8499, 3.5999, 3.69, 3.7899, 3.8299, 3.91, 4.03, 4.4499, 4.59, 4.6399, 4.96, 5.4499, 5.59, 5.6599, 6.01, 6.2899, 6.4299, 6.5, 6.57, 6.65, 6.75, 6.8499, 6.92, 6.98, 7.3299]	['X', 'B', 'E', 'F', 'B', 'C', 'X', 'B', 'E', 'F', 'B', 'D', 'F', 'B', 'E', 'G', 'A', 'B', 'A', 'B', 'E', 'A', 'B', 'X', 'B', 'D', 'C', 'A', 'D', 'B', 'X', 'B', 'C', 'B', 'E', 'G', 'F', 'B', 'C', 'B', 'D', 'A', 'D', 'A', 'B', 'F', 'B', 'X']
